지점,지점명,일시,평균상대습도
112,인천,2018-01-01,45.9
112,인천,2018-01-02,46.3
112,인천,2018-01-03,47.8
112,인천,2018-01-04,47.1
112,인천,2018-01-05,59.8
112,인천,2018-01-06,51.6
112,인천,2018-01-07,51.9
112,인천,2018-01-08,62.4
112,인천,2018-01-09,65.9
112,인천,2018-01-10,56.8
112,인천,2018-01-11,55.1
112,인천,2018-01-12,50
112,인천,2018-01-13,82
112,인천,2018-01-14,70.1
112,인천,2018-01-15,75.5
112,인천,2018-01-16,75.4
112,인천,2018-01-17,79.5
112,인천,2018-01-18,71.1
112,인천,2018-01-19,47.4
112,인천,2018-01-20,67.3
112,인천,2018-01-21,46.5
112,인천,2018-01-22,61.5
112,인천,2018-01-23,42.3
112,인천,2018-01-24,37.6
112,인천,2018-01-25,39
112,인천,2018-01-26,41.5
112,인천,2018-01-27,46.6
112,인천,2018-01-28,41.3
112,인천,2018-01-29,42.8
112,인천,2018-01-30,65.9
112,인천,2018-01-31,55.9
112,인천,2018-02-01,48.3
112,인천,2018-02-02,53.1
112,인천,2018-02-03,51.6
112,인천,2018-02-04,48.5
112,인천,2018-02-05,43.4
112,인천,2018-02-06,43.8
112,인천,2018-02-07,49.5
112,인천,2018-02-08,61.9
112,인천,2018-02-09,54.3
112,인천,2018-02-10,60
112,인천,2018-02-11,52.6
112,인천,2018-02-12,52.4
112,인천,2018-02-13,60.4
112,인천,2018-02-14,58
112,인천,2018-02-15,36.8
112,인천,2018-02-16,49.4
112,인천,2018-02-17,35.6
112,인천,2018-02-18,37.8
112,인천,2018-02-19,63.5
112,인천,2018-02-20,46.6
112,인천,2018-02-21,40.9
112,인천,2018-02-22,68.8
112,인천,2018-02-23,88.1
112,인천,2018-02-24,58.3
112,인천,2018-02-25,52.9
112,인천,2018-02-26,52.9
112,인천,2018-02-27,58.8
112,인천,2018-02-28,74.9
112,인천,2018-03-01,66.1
112,인천,2018-03-02,38.9
112,인천,2018-03-03,41
112,인천,2018-03-04,95.1
112,인천,2018-03-05,72.8
112,인천,2018-03-06,57.8
112,인천,2018-03-07,60.5
112,인천,2018-03-08,83.4
112,인천,2018-03-09,72.8
112,인천,2018-03-10,81.6
112,인천,2018-03-11,82.1
112,인천,2018-03-12,69.6
112,인천,2018-03-13,70.3
112,인천,2018-03-14,68.4
112,인천,2018-03-15,95
112,인천,2018-03-16,53.3
112,인천,2018-03-17,53.1
112,인천,2018-03-18,72.9
112,인천,2018-03-19,69.6
112,인천,2018-03-20,42.6
112,인천,2018-03-21,67.6
112,인천,2018-03-22,70.9
112,인천,2018-03-23,72.1
112,인천,2018-03-24,80.9
112,인천,2018-03-25,89.5
112,인천,2018-03-26,86.8
112,인천,2018-03-27,76.6
112,인천,2018-03-28,79.6
112,인천,2018-03-29,81.6
112,인천,2018-03-30,65.1
112,인천,2018-03-31,65.3
112,인천,2018-04-01,79
112,인천,2018-04-02,74.9
112,인천,2018-04-03,86.6
112,인천,2018-04-04,73
112,인천,2018-04-05,92
112,인천,2018-04-06,74.1
112,인천,2018-04-07,47.1
112,인천,2018-04-08,66.8
112,인천,2018-04-09,60
112,인천,2018-04-10,60.5
112,인천,2018-04-11,67.9
112,인천,2018-04-12,49.1
112,인천,2018-04-13,28.9
112,인천,2018-04-14,82
112,인천,2018-04-15,69.9
112,인천,2018-04-16,47.1
112,인천,2018-04-17,49.5
112,인천,2018-04-18,45.8
112,인천,2018-04-19,51.4
112,인천,2018-04-20,57.1
112,인천,2018-04-21,50.6
112,인천,2018-04-22,67.9
112,인천,2018-04-23,94.6
112,인천,2018-04-24,67.1
112,인천,2018-04-25,44.1
112,인천,2018-04-26,64.9
112,인천,2018-04-27,71.3
112,인천,2018-04-28,65.6
112,인천,2018-04-29,53
112,인천,2018-04-30,78.4
112,인천,2018-05-01,86.6
112,인천,2018-05-02,91.3
112,인천,2018-05-03,62.1
112,인천,2018-05-04,54.3
112,인천,2018-05-05,59.3
112,인천,2018-05-06,88.3
112,인천,2018-05-07,70.5
112,인천,2018-05-08,52.5
112,인천,2018-05-09,59
112,인천,2018-05-10,83.9
112,인천,2018-05-11,83.8
112,인천,2018-05-12,89.5
112,인천,2018-05-13,91
112,인천,2018-05-14,81.5
112,인천,2018-05-15,58.4
112,인천,2018-05-16,94.5
112,인천,2018-05-17,98.5
112,인천,2018-05-18,90.4
112,인천,2018-05-19,52.9
112,인천,2018-05-20,33.6
112,인천,2018-05-21,50
112,인천,2018-05-22,81
112,인천,2018-05-23,70.8
112,인천,2018-05-24,57.5
112,인천,2018-05-25,49.1
112,인천,2018-05-26,63.8
112,인천,2018-05-27,55.4
112,인천,2018-05-28,62.6
112,인천,2018-05-29,84.1
112,인천,2018-05-30,88.1
112,인천,2018-05-31,70.6
112,인천,2018-06-01,64.5
112,인천,2018-06-02,59
112,인천,2018-06-03,55.5
112,인천,2018-06-04,70
112,인천,2018-06-05,57.3
112,인천,2018-06-06,82.8
112,인천,2018-06-07,84.8
112,인천,2018-06-08,79.1
112,인천,2018-06-09,78.6
112,인천,2018-06-10,71.8
112,인천,2018-06-11,77.9
112,인천,2018-06-12,76
112,인천,2018-06-13,75.6
112,인천,2018-06-14,82.5
112,인천,2018-06-15,65
112,인천,2018-06-16,60.3
112,인천,2018-06-17,79.8
112,인천,2018-06-18,73.8
112,인천,2018-06-19,83.8
112,인천,2018-06-20,85.5
112,인천,2018-06-21,81.1
112,인천,2018-06-22,61.4
112,인천,2018-06-23,70.4
112,인천,2018-06-24,83.5
112,인천,2018-06-25,68.6
112,인천,2018-06-26,92.8
112,인천,2018-06-27,92.4
112,인천,2018-06-28,93.4
112,인천,2018-06-29,90.5
112,인천,2018-06-30,83.5
112,인천,2018-07-01,95.6
112,인천,2018-07-02,95.6
112,인천,2018-07-03,79.4
112,인천,2018-07-04,83.1
112,인천,2018-07-05,80.1
112,인천,2018-07-06,59
112,인천,2018-07-07,57.5
112,인천,2018-07-08,56.5
112,인천,2018-07-09,87.8
112,인천,2018-07-10,89.1
112,인천,2018-07-11,86.4
112,인천,2018-07-12,91
112,인천,2018-07-13,87.3
112,인천,2018-07-14,84.4
112,인천,2018-07-15,82.1
112,인천,2018-07-16,78.9
112,인천,2018-07-17,81.4
112,인천,2018-07-18,81
112,인천,2018-07-19,81.1
112,인천,2018-07-20,75.5
112,인천,2018-07-21,70.5
112,인천,2018-07-22,62.6
112,인천,2018-07-23,65.1
112,인천,2018-07-24,74.4
112,인천,2018-07-25,79.3
112,인천,2018-07-26,83.9
112,인천,2018-07-27,81.8
112,인천,2018-07-28,81.4
112,인천,2018-07-29,60.9
112,인천,2018-07-30,57.3
112,인천,2018-07-31,59.3
112,인천,2018-08-01,67.5
112,인천,2018-08-02,64.3
112,인천,2018-08-03,66
112,인천,2018-08-04,77.1
112,인천,2018-08-05,82.3
112,인천,2018-08-06,82.4
112,인천,2018-08-07,72.1
112,인천,2018-08-08,79.9
112,인천,2018-08-09,86.3
112,인천,2018-08-10,71.1
112,인천,2018-08-11,65.6
112,인천,2018-08-12,62.5
112,인천,2018-08-13,69.5
112,인천,2018-08-14,64.9
112,인천,2018-08-15,66.1
112,인천,2018-08-16,53
112,인천,2018-08-17,42
112,인천,2018-08-18,49.9
112,인천,2018-08-19,61.9
112,인천,2018-08-20,64.4
112,인천,2018-08-21,83
112,인천,2018-08-22,67.9
112,인천,2018-08-23,71.1
112,인천,2018-08-24,87.3
112,인천,2018-08-25,76.3
112,인천,2018-08-26,77.6
112,인천,2018-08-27,93.3
112,인천,2018-08-28,95.1
112,인천,2018-08-29,92.5
112,인천,2018-08-30,84.4
112,인천,2018-08-31,74.4
112,인천,2018-09-01,62.6
112,인천,2018-09-02,59.4
112,인천,2018-09-03,85.5
112,인천,2018-09-04,71.9
112,인천,2018-09-05,68.4
112,인천,2018-09-06,78
112,인천,2018-09-07,56.5
112,인천,2018-09-08,55
112,인천,2018-09-09,57.9
112,인천,2018-09-10,54.3
112,인천,2018-09-11,50.1
112,인천,2018-09-12,57.3
112,인천,2018-09-13,65
112,인천,2018-09-14,67.1
112,인천,2018-09-15,82.9
112,인천,2018-09-16,85.3
112,인천,2018-09-17,70
112,인천,2018-09-18,62.8
112,인천,2018-09-19,69.5
112,인천,2018-09-20,85.6
112,인천,2018-09-21,89
112,인천,2018-09-22,62.5
112,인천,2018-09-23,56
112,인천,2018-09-24,50
112,인천,2018-09-25,49.6
112,인천,2018-09-26,49.5
112,인천,2018-09-27,52.8
112,인천,2018-09-28,58.4
112,인천,2018-09-29,61.6
112,인천,2018-09-30,57
112,인천,2018-10-01,59.1
112,인천,2018-10-02,63.5
112,인천,2018-10-03,65.6
112,인천,2018-10-04,56.4
112,인천,2018-10-05,87.4
112,인천,2018-10-06,84.6
112,인천,2018-10-07,53.8
112,인천,2018-10-08,44
112,인천,2018-10-09,55.5
112,인천,2018-10-10,57.6
112,인천,2018-10-11,48.8
112,인천,2018-10-12,51.9
112,인천,2018-10-13,58.5
112,인천,2018-10-14,62
112,인천,2018-10-15,71
112,인천,2018-10-16,54.4
112,인천,2018-10-17,49.1
112,인천,2018-10-18,68
112,인천,2018-10-19,62.3
112,인천,2018-10-20,59.5
112,인천,2018-10-21,58.9
112,인천,2018-10-22,55.3
112,인천,2018-10-23,75.5
112,인천,2018-10-24,62
112,인천,2018-10-25,63.5
112,인천,2018-10-26,73
112,인천,2018-10-27,51.8
112,인천,2018-10-28,76.6
112,인천,2018-10-29,57.9
112,인천,2018-10-30,49.4
112,인천,2018-10-31,54
112,인천,2018-11-01,56.9
112,인천,2018-11-02,65.5
112,인천,2018-11-03,72.4
112,인천,2018-11-04,71.4
112,인천,2018-11-05,76.9
112,인천,2018-11-06,85.1
112,인천,2018-11-07,91.9
112,인천,2018-11-08,96.6
112,인천,2018-11-09,68.6
112,인천,2018-11-10,72.4
112,인천,2018-11-11,69
112,인천,2018-11-12,58.6
112,인천,2018-11-13,56
112,인천,2018-11-14,64.3
112,인천,2018-11-15,63.1
112,인천,2018-11-16,69
112,인천,2018-11-17,47.4
112,인천,2018-11-18,54.3
112,인천,2018-11-19,56.3
112,인천,2018-11-20,46
112,인천,2018-11-21,57
112,인천,2018-11-22,39.1
112,인천,2018-11-23,32.6
112,인천,2018-11-24,75.3
112,인천,2018-11-25,77.1
112,인천,2018-11-26,71.6
112,인천,2018-11-27,63.6
112,인천,2018-11-28,30
112,인천,2018-11-29,48.4
112,인천,2018-11-30,53.3
112,인천,2018-12-01,44.1
112,인천,2018-12-02,53.9
112,인천,2018-12-03,91.6
112,인천,2018-12-04,72.1
112,인천,2018-12-05,43.8
112,인천,2018-12-06,52.3
112,인천,2018-12-07,47.9
112,인천,2018-12-08,41.4
112,인천,2018-12-09,31.8
112,인천,2018-12-10,41.5
112,인천,2018-12-11,46.5
112,인천,2018-12-12,41.8
112,인천,2018-12-13,62.6
112,인천,2018-12-14,48
112,인천,2018-12-15,54.6
112,인천,2018-12-16,68.4
112,인천,2018-12-17,58.8
112,인천,2018-12-18,62
112,인천,2018-12-19,62.6
112,인천,2018-12-20,53.6
112,인천,2018-12-21,53.6
112,인천,2018-12-22,61.5
112,인천,2018-12-23,45.4
112,인천,2018-12-24,42
112,인천,2018-12-25,61.6
112,인천,2018-12-26,42.6
112,인천,2018-12-27,37.4
112,인천,2018-12-28,41
112,인천,2018-12-29,37.5
112,인천,2018-12-30,42
112,인천,2018-12-31,52.1
112,인천,2019-01-01,57.6
112,인천,2019-01-02,48.8
112,인천,2019-01-03,45.6
112,인천,2019-01-04,67.6
112,인천,2019-01-05,43.4
112,인천,2019-01-06,46.4
112,인천,2019-01-07,59.4
112,인천,2019-01-08,40.8
112,인천,2019-01-09,37
112,인천,2019-01-10,59.3
112,인천,2019-01-11,71.8
112,인천,2019-01-12,61.6
112,인천,2019-01-13,66.9
112,인천,2019-01-14,80.6
112,인천,2019-01-15,67.1
112,인천,2019-01-16,51.4
112,인천,2019-01-17,47.9
112,인천,2019-01-18,52.3
112,인천,2019-01-19,72
112,인천,2019-01-20,46
112,인천,2019-01-21,63.3
112,인천,2019-01-22,70.5
112,인천,2019-01-23,57.5
112,인천,2019-01-24,42.3
112,인천,2019-01-25,37.5
112,인천,2019-01-26,39.4
112,인천,2019-01-27,60.4
112,인천,2019-01-28,45.6
112,인천,2019-01-29,45
112,인천,2019-01-30,69.8
112,인천,2019-01-31,33.4
112,인천,2019-02-01,51.5
112,인천,2019-02-02,61.4
112,인천,2019-02-03,94
112,인천,2019-02-04,43
112,인천,2019-02-05,38.9
112,인천,2019-02-06,62.8
112,인천,2019-02-07,49.3
112,인천,2019-02-08,37.5
112,인천,2019-02-09,36.8
112,인천,2019-02-10,37.9
112,인천,2019-02-11,40.3
112,인천,2019-02-12,46.9
112,인천,2019-02-13,32.5
112,인천,2019-02-14,36.6
112,인천,2019-02-15,81.1
112,인천,2019-02-16,61.5
112,인천,2019-02-17,55.5
112,인천,2019-02-18,56.5
112,인천,2019-02-19,87.3
112,인천,2019-02-20,71.6
112,인천,2019-02-21,63
112,인천,2019-02-22,66.6
112,인천,2019-02-23,54.9
112,인천,2019-02-24,65.8
112,인천,2019-02-25,67.6
112,인천,2019-02-26,46
112,인천,2019-02-27,48.5
112,인천,2019-02-28,62.5
112,인천,2019-03-01,64.9
112,인천,2019-03-02,57.4
112,인천,2019-03-03,49
112,인천,2019-03-04,63.9
112,인천,2019-03-05,83.1
112,인천,2019-03-06,70.5
112,인천,2019-03-07,54.8
112,인천,2019-03-08,57
112,인천,2019-03-09,53.3
112,인천,2019-03-10,37.8
112,인천,2019-03-11,81.3
112,인천,2019-03-12,61.8
112,인천,2019-03-13,44.6
112,인천,2019-03-14,58.3
112,인천,2019-03-15,79.9
112,인천,2019-03-16,74.9
112,인천,2019-03-17,68.5
112,인천,2019-03-18,53.6
112,인천,2019-03-19,68.1
112,인천,2019-03-20,85
112,인천,2019-03-21,80
112,인천,2019-03-22,44.1
112,인천,2019-03-23,54.8
112,인천,2019-03-24,57.5
112,인천,2019-03-25,66
112,인천,2019-03-26,72.8
112,인천,2019-03-27,80.8
112,인천,2019-03-28,61.6
112,인천,2019-03-29,43
112,인천,2019-03-30,78.5
112,인천,2019-03-31,51.6
112,인천,2019-04-01,47.5
112,인천,2019-04-02,51.9
112,인천,2019-04-03,60.3
112,인천,2019-04-04,66.6
112,인천,2019-04-05,56.9
112,인천,2019-04-06,53.9
112,인천,2019-04-07,50
112,인천,2019-04-08,35.5
112,인천,2019-04-09,51.6
112,인천,2019-04-10,86.1
112,인천,2019-04-11,73.9
112,인천,2019-04-12,69.9
112,인천,2019-04-13,42.5
112,인천,2019-04-14,57.3
112,인천,2019-04-15,48.4
112,인천,2019-04-16,32.4
112,인천,2019-04-17,55.9
112,인천,2019-04-18,88.5
112,인천,2019-04-19,66.1
112,인천,2019-04-20,78.3
112,인천,2019-04-21,92.6
112,인천,2019-04-22,70.6
112,인천,2019-04-23,67
112,인천,2019-04-24,82.1
112,인천,2019-04-25,87.5
112,인천,2019-04-26,84.1
112,인천,2019-04-27,59.5
112,인천,2019-04-28,61.6
112,인천,2019-04-29,54.4
112,인천,2019-04-30,61.5
112,인천,2019-05-01,65
112,인천,2019-05-02,39
112,인천,2019-05-03,53.9
112,인천,2019-05-04,61
112,인천,2019-05-05,55.4
112,인천,2019-05-06,32.5
112,인천,2019-05-07,57.5
112,인천,2019-05-08,67
112,인천,2019-05-09,65.1
112,인천,2019-05-10,64.9
112,인천,2019-05-11,62.4
112,인천,2019-05-12,46.9
112,인천,2019-05-13,52.4
112,인천,2019-05-14,61.1
112,인천,2019-05-15,68
112,인천,2019-05-16,63
112,인천,2019-05-17,58.5
112,인천,2019-05-18,60.9
112,인천,2019-05-19,96.9
112,인천,2019-05-20,68.5
112,인천,2019-05-21,69.4
112,인천,2019-05-22,64.1
112,인천,2019-05-23,62.9
112,인천,2019-05-24,59
112,인천,2019-05-25,62.4
112,인천,2019-05-26,48.6
112,인천,2019-05-27,86
112,인천,2019-05-28,60.9
112,인천,2019-05-29,63.4
112,인천,2019-05-30,59.8
112,인천,2019-05-31,64
112,인천,2019-06-01,73.5
112,인천,2019-06-02,57.8
112,인천,2019-06-03,60
112,인천,2019-06-04,67.3
112,인천,2019-06-05,85
112,인천,2019-06-06,92.5
112,인천,2019-06-07,80.1
112,인천,2019-06-08,66
112,인천,2019-06-09,78.1
112,인천,2019-06-10,70
112,인천,2019-06-11,58.6
112,인천,2019-06-12,72.9
112,인천,2019-06-13,67.3
112,인천,2019-06-14,70.9
112,인천,2019-06-15,66.3
112,인천,2019-06-16,65.4
112,인천,2019-06-17,75.6
112,인천,2019-06-18,79.9
112,인천,2019-06-19,85.5
112,인천,2019-06-20,84
112,인천,2019-06-21,84.8
112,인천,2019-06-22,55.6
112,인천,2019-06-23,45.3
112,인천,2019-06-24,67.8
112,인천,2019-06-25,67.3
112,인천,2019-06-26,66.9
112,인천,2019-06-27,82
112,인천,2019-06-28,84.4
112,인천,2019-06-29,84.9
112,인천,2019-06-30,90.6
112,인천,2019-07-01,81.6
112,인천,2019-07-02,83.6
112,인천,2019-07-03,87
112,인천,2019-07-04,82.3
112,인천,2019-07-05,62
112,인천,2019-07-06,48.8
112,인천,2019-07-07,46.4
112,인천,2019-07-08,49
112,인천,2019-07-09,51.3
112,인천,2019-07-10,67.5
112,인천,2019-07-11,84.4
112,인천,2019-07-12,83
112,인천,2019-07-13,87.1
112,인천,2019-07-14,80.9
112,인천,2019-07-15,85
112,인천,2019-07-16,85
112,인천,2019-07-17,76.4
112,인천,2019-07-18,70.8
112,인천,2019-07-19,66.4
112,인천,2019-07-20,73
112,인천,2019-07-21,94.8
112,인천,2019-07-22,92.5
112,인천,2019-07-23,86.3
112,인천,2019-07-24,95.5
112,인천,2019-07-25,97.4
112,인천,2019-07-26,98.4
112,인천,2019-07-27,85.6
112,인천,2019-07-28,96
112,인천,2019-07-29,84
112,인천,2019-07-30,87.6
112,인천,2019-07-31,97.1
112,인천,2019-08-01,93.5
112,인천,2019-08-02,82.4
112,인천,2019-08-03,75.5
112,인천,2019-08-04,74.8
112,인천,2019-08-05,73.8
112,인천,2019-08-06,59.4
112,인천,2019-08-07,75
112,인천,2019-08-08,79.4
112,인천,2019-08-09,72.6
112,인천,2019-08-10,63
112,인천,2019-08-11,57.6
112,인천,2019-08-12,95.3
112,인천,2019-08-13,81.8
112,인천,2019-08-14,75.9
112,인천,2019-08-15,80
112,인천,2019-08-16,82
112,인천,2019-08-17,74.6
112,인천,2019-08-18,71.6
112,인천,2019-08-19,70.9
112,인천,2019-08-20,62.8
112,인천,2019-08-21,71.4
112,인천,2019-08-22,74
112,인천,2019-08-23,62.8
112,인천,2019-08-24,68.5
112,인천,2019-08-25,71.9
112,인천,2019-08-26,75.8
112,인천,2019-08-27,76.6
112,인천,2019-08-28,75
112,인천,2019-08-29,79.8
112,인천,2019-08-30,67.5
112,인천,2019-08-31,69.4
112,인천,2019-09-01,73.5
112,인천,2019-09-02,65.8
112,인천,2019-09-03,73.3
112,인천,2019-09-04,91.4
112,인천,2019-09-05,94.4
112,인천,2019-09-06,88.8
112,인천,2019-09-07,80.3
112,인천,2019-09-08,85.8
112,인천,2019-09-09,76.1
112,인천,2019-09-10,95
112,인천,2019-09-11,74
112,인천,2019-09-12,77.5
112,인천,2019-09-13,69.9
112,인천,2019-09-14,86.1
112,인천,2019-09-15,80
112,인천,2019-09-16,60.3
112,인천,2019-09-17,49
112,인천,2019-09-18,49.8
112,인천,2019-09-19,48
112,인천,2019-09-20,55.5
112,인천,2019-09-21,61.6
112,인천,2019-09-22,61.1
112,인천,2019-09-23,53.6
112,인천,2019-09-24,65.5
112,인천,2019-09-25,74.1
112,인천,2019-09-26,61.1
112,인천,2019-09-27,61.3
112,인천,2019-09-28,69.1
112,인천,2019-09-29,75
112,인천,2019-09-30,83.4
112,인천,2019-10-01,77.3
112,인천,2019-10-02,85
112,인천,2019-10-03,72.3
112,인천,2019-10-04,77.9
112,인천,2019-10-05,76.6
112,인천,2019-10-06,60.5
112,인천,2019-10-07,91.9
112,인천,2019-10-08,56.6
112,인천,2019-10-09,45.9
112,인천,2019-10-10,60.8
112,인천,2019-10-11,63.9
112,인천,2019-10-12,52
112,인천,2019-10-13,58.3
112,인천,2019-10-14,57
112,인천,2019-10-15,58.4
112,인천,2019-10-16,67.1
112,인천,2019-10-17,58.8
112,인천,2019-10-18,57.9
112,인천,2019-10-19,69.6
112,인천,2019-10-20,75.8
112,인천,2019-10-21,69
112,인천,2019-10-22,64.4
112,인천,2019-10-23,59.5
112,인천,2019-10-24,54.5
112,인천,2019-10-25,65.6
112,인천,2019-10-26,63
112,인천,2019-10-27,59.1
112,인천,2019-10-28,68.3
112,인천,2019-10-29,53.1
112,인천,2019-10-30,61.4
112,인천,2019-10-31,78.3
112,인천,2019-11-01,52.4
112,인천,2019-11-02,64
112,인천,2019-11-03,59
112,인천,2019-11-04,64.4
112,인천,2019-11-05,70.9
112,인천,2019-11-06,57.6
112,인천,2019-11-07,46
112,인천,2019-11-08,34.4
112,인천,2019-11-09,53
112,인천,2019-11-10,66
112,인천,2019-11-11,72.3
112,인천,2019-11-12,62.1
112,인천,2019-11-13,70.4
112,인천,2019-11-14,39.5
112,인천,2019-11-15,85.6
112,인천,2019-11-16,79.8
112,인천,2019-11-17,84.8
112,인천,2019-11-18,66.3
112,인천,2019-11-19,56.8
112,인천,2019-11-20,38.4
112,인천,2019-11-21,37.3
112,인천,2019-11-22,38.1
112,인천,2019-11-23,61.9
112,인천,2019-11-24,75.9
112,인천,2019-11-25,62.1
112,인천,2019-11-26,68.8
112,인천,2019-11-27,51.5
112,인천,2019-11-28,54.9
112,인천,2019-11-29,42.5
112,인천,2019-11-30,54
112,인천,2019-12-01,77.5
112,인천,2019-12-02,50.4
112,인천,2019-12-03,70.3
112,인천,2019-12-04,50.3
112,인천,2019-12-05,41.9
112,인천,2019-12-06,43
112,인천,2019-12-07,67.9
112,인천,2019-12-08,65.9
112,인천,2019-12-09,66.1
112,인천,2019-12-10,88.9
112,인천,2019-12-11,65.8
112,인천,2019-12-12,49.5
112,인천,2019-12-13,55.6
112,인천,2019-12-14,60.1
112,인천,2019-12-15,62.5
112,인천,2019-12-16,62
112,인천,2019-12-17,82
112,인천,2019-12-18,63.5
112,인천,2019-12-19,54.8
112,인천,2019-12-20,51.4
112,인천,2019-12-21,68.9
112,인천,2019-12-22,71.3
112,인천,2019-12-23,82.3
112,인천,2019-12-24,66.5
112,인천,2019-12-25,64.8
112,인천,2019-12-26,69.1
112,인천,2019-12-27,51.6
112,인천,2019-12-28,49.4
112,인천,2019-12-29,56.8
112,인천,2019-12-30,72.9
112,인천,2019-12-31,49
112,인천,2020-01-01,66.6
112,인천,2020-01-02,69.8
112,인천,2020-01-03,64.4
112,인천,2020-01-04,64
112,인천,2020-01-05,53
112,인천,2020-01-06,70.6
112,인천,2020-01-07,97
112,인천,2020-01-08,86
112,인천,2020-01-09,69.8
112,인천,2020-01-10,69.9
112,인천,2020-01-11,68.4
112,인천,2020-01-12,65.3
112,인천,2020-01-13,54.4
112,인천,2020-01-14,53.5
112,인천,2020-01-15,55.6
112,인천,2020-01-16,49.4
112,인천,2020-01-17,55.9
112,인천,2020-01-18,51.9
112,인천,2020-01-19,67.6
112,인천,2020-01-20,56
112,인천,2020-01-21,49.9
112,인천,2020-01-22,53.4
112,인천,2020-01-23,60.6
112,인천,2020-01-24,65.4
112,인천,2020-01-25,66.9
112,인천,2020-01-26,55.3
112,인천,2020-01-27,56.1
112,인천,2020-01-28,55.5
112,인천,2020-01-29,61
112,인천,2020-01-30,59.9
112,인천,2020-01-31,73.5
112,인천,2020-02-01,67.3
112,인천,2020-02-02,55
112,인천,2020-02-03,50.5
112,인천,2020-02-04,60.6
112,인천,2020-02-05,43.6
112,인천,2020-02-06,45.1
112,인천,2020-02-07,54.4
112,인천,2020-02-08,53.9
112,인천,2020-02-09,58.3
112,인천,2020-02-10,55.8
112,인천,2020-02-11,43.5
112,인천,2020-02-12,78.4
112,인천,2020-02-13,88.6
112,인천,2020-02-14,79.5
112,인천,2020-02-15,77.4
112,인천,2020-02-16,79.4
112,인천,2020-02-17,64.4
112,인천,2020-02-18,48.6
112,인천,2020-02-19,60.4
112,인천,2020-02-20,73.1
112,인천,2020-02-21,73.4
112,인천,2020-02-22,69.1
112,인천,2020-02-23,55.3
112,인천,2020-02-24,60.5
112,인천,2020-02-25,77.5
112,인천,2020-02-26,67
112,인천,2020-02-27,65.6
112,인천,2020-02-28,85
112,인천,2020-02-29,81.3
112,인천,2020-03-01,84.1
112,인천,2020-03-02,58.8
112,인천,2020-03-03,63.5
112,인천,2020-03-04,60.9
112,인천,2020-03-05,55.6
112,인천,2020-03-06,53.5
112,인천,2020-03-07,49.4
112,인천,2020-03-08,54.3
112,인천,2020-03-09,52.5
112,인천,2020-03-10,78.1
112,인천,2020-03-11,47.5
112,인천,2020-03-12,60.5
112,인천,2020-03-13,45
112,인천,2020-03-14,58.6
112,인천,2020-03-15,50.4
112,인천,2020-03-16,54.1
112,인천,2020-03-17,76
112,인천,2020-03-18,57.4
112,인천,2020-03-19,63.8
112,인천,2020-03-20,55.9
112,인천,2020-03-21,72.1
112,인천,2020-03-22,44.3
112,인천,2020-03-23,54.9
112,인천,2020-03-24,43.9
112,인천,2020-03-25,52.6
112,인천,2020-03-26,61.3
112,인천,2020-03-27,60.4
112,인천,2020-03-28,26.5
112,인천,2020-03-29,45.6
112,인천,2020-03-30,52.6
112,인천,2020-03-31,54.9
112,인천,2020-04-01,40.1
112,인천,2020-04-02,61.8
112,인천,2020-04-03,69.8
112,인천,2020-04-04,40.4
112,인천,2020-04-05,33.9
112,인천,2020-04-06,58
112,인천,2020-04-07,70.1
112,인천,2020-04-08,38
112,인천,2020-04-09,56.4
112,인천,2020-04-10,61.4
112,인천,2020-04-11,74.6
112,인천,2020-04-12,56.6
112,인천,2020-04-13,40.1
112,인천,2020-04-14,59
112,인천,2020-04-15,47.3
112,인천,2020-04-16,42.5
112,인천,2020-04-17,80.5
112,인천,2020-04-18,75.5
112,인천,2020-04-19,77.8
112,인천,2020-04-20,72.9
112,인천,2020-04-21,45.6
112,인천,2020-04-22,44.6
112,인천,2020-04-23,49.6
112,인천,2020-04-24,62.5
112,인천,2020-04-25,58.6
112,인천,2020-04-26,44.3
112,인천,2020-04-27,56.6
112,인천,2020-04-28,63.4
112,인천,2020-04-29,52.3
112,인천,2020-04-30,63.1
112,인천,2020-05-01,82.1
112,인천,2020-05-02,86.3
112,인천,2020-05-03,74.4
112,인천,2020-05-04,76
112,인천,2020-05-05,77
112,인천,2020-05-06,54.3
112,인천,2020-05-07,33
112,인천,2020-05-08,37
112,인천,2020-05-09,94.9
112,인천,2020-05-10,91.8
112,인천,2020-05-11,71.8
112,인천,2020-05-12,71
112,인천,2020-05-13,56.6
112,인천,2020-05-14,28.5
112,인천,2020-05-15,82.8
112,인천,2020-05-16,93.5
112,인천,2020-05-17,85.1
112,인천,2020-05-18,79.9
112,인천,2020-05-19,71
112,인천,2020-05-20,61
112,인천,2020-05-21,59.6
112,인천,2020-05-22,67.8
112,인천,2020-05-23,67.5
112,인천,2020-05-24,90.1
112,인천,2020-05-25,89.6
112,인천,2020-05-26,85.1
112,인천,2020-05-27,74.6
112,인천,2020-05-28,69.3
112,인천,2020-05-29,69.5
112,인천,2020-05-30,59.8
112,인천,2020-05-31,69.9
112,인천,2020-06-01,78.4
112,인천,2020-06-02,77.9
112,인천,2020-06-03,82.1
112,인천,2020-06-04,92.4
112,인천,2020-06-05,80.3
112,인천,2020-06-06,74
112,인천,2020-06-07,80.1
112,인천,2020-06-08,68.4
112,인천,2020-06-09,54.8
112,인천,2020-06-10,69.1
112,인천,2020-06-11,76.6
112,인천,2020-06-12,81.3
112,인천,2020-06-13,64.3
112,인천,2020-06-14,73.8
112,인천,2020-06-15,77.9
112,인천,2020-06-16,74.4
112,인천,2020-06-17,73.9
112,인천,2020-06-18,78.3
112,인천,2020-06-19,69.3
112,인천,2020-06-20,75.9
112,인천,2020-06-21,69
112,인천,2020-06-22,64.5
112,인천,2020-06-23,63.4
112,인천,2020-06-24,88.5
112,인천,2020-06-25,97.1
112,인천,2020-06-26,89
112,인천,2020-06-27,76.8
112,인천,2020-06-28,85
112,인천,2020-06-29,84.5
112,인천,2020-06-30,89
112,인천,2020-07-01,84.6
112,인천,2020-07-02,78.3
112,인천,2020-07-03,69.9
112,인천,2020-07-04,79.8
112,인천,2020-07-05,75.6
112,인천,2020-07-06,72.4
112,인천,2020-07-07,81.4
112,인천,2020-07-08,83.8
112,인천,2020-07-09,76.1
112,인천,2020-07-10,76.6
112,인천,2020-07-11,60.9
112,인천,2020-07-12,73.9
112,인천,2020-07-13,95.1
112,인천,2020-07-14,77.6
112,인천,2020-07-15,65
112,인천,2020-07-16,73
112,인천,2020-07-17,74.9
112,인천,2020-07-18,75.6
112,인천,2020-07-19,79.5
112,인천,2020-07-20,87.4
112,인천,2020-07-21,79.3
112,인천,2020-07-22,96.1
112,인천,2020-07-23,94.4
112,인천,2020-07-24,71.5
112,인천,2020-07-25,64.3
112,인천,2020-07-26,71.9
112,인천,2020-07-27,90.6
112,인천,2020-07-28,84.8
112,인천,2020-07-29,96.4
112,인천,2020-07-30,90.3
112,인천,2020-07-31,88.3
112,인천,2020-08-01,93.6
112,인천,2020-08-02,96
112,인천,2020-08-03,95.6
112,인천,2020-08-04,88.9
112,인천,2020-08-05,87.1
112,인천,2020-08-06,92.1
112,인천,2020-08-07,82.8
112,인천,2020-08-08,88.5
112,인천,2020-08-09,93.3
112,인천,2020-08-10,90.4
112,인천,2020-08-11,90.6
112,인천,2020-08-12,82.6
112,인천,2020-08-13,82.1
112,인천,2020-08-14,87.3
112,인천,2020-08-15,94
112,인천,2020-08-16,84.3
112,인천,2020-08-17,81.5
112,인천,2020-08-18,78.8
112,인천,2020-08-19,79.1
112,인천,2020-08-20,78
112,인천,2020-08-21,81.6
112,인천,2020-08-22,80.1
112,인천,2020-08-23,73.4
112,인천,2020-08-24,69.8
112,인천,2020-08-25,67
112,인천,2020-08-26,63.1
112,인천,2020-08-27,85.6
112,인천,2020-08-28,88
112,인천,2020-08-29,86
112,인천,2020-08-30,88.9
112,인천,2020-08-31,70.6
112,인천,2020-09-01,72.8
112,인천,2020-09-02,90.8
112,인천,2020-09-03,79.4
112,인천,2020-09-04,59.8
112,인천,2020-09-05,63.3
112,인천,2020-09-06,76
112,인천,2020-09-07,91.4
112,인천,2020-09-08,70.8
112,인천,2020-09-09,81.4
112,인천,2020-09-10,80
112,인천,2020-09-11,67.1
112,인천,2020-09-12,86.5
112,인천,2020-09-13,68.6
112,인천,2020-09-14,76.3
112,인천,2020-09-15,77.1
112,인천,2020-09-16,81.6
112,인천,2020-09-17,67
112,인천,2020-09-18,59.8
112,인천,2020-09-19,59.5
112,인천,2020-09-20,59.5
112,인천,2020-09-21,55.3
112,인천,2020-09-22,48.9
112,인천,2020-09-23,52.1
112,인천,2020-09-24,54
112,인천,2020-09-25,64.1
112,인천,2020-09-26,60.3
112,인천,2020-09-27,64.1
112,인천,2020-09-28,68.4
112,인천,2020-09-29,71.1
112,인천,2020-09-30,75.6
112,인천,2020-10-01,72
112,인천,2020-10-02,80.6
112,인천,2020-10-03,69.4
112,인천,2020-10-04,62.3
112,인천,2020-10-05,52
112,인천,2020-10-06,49.6
112,인천,2020-10-07,45.4
112,인천,2020-10-08,48.8
112,인천,2020-10-09,45.9
112,인천,2020-10-10,56.6
112,인천,2020-10-11,65.8
112,인천,2020-10-12,65
112,인천,2020-10-13,46.5
112,인천,2020-10-14,50.1
112,인천,2020-10-15,38.8
112,인천,2020-10-16,61.8
112,인천,2020-10-17,63.8
112,인천,2020-10-18,63.8
112,인천,2020-10-19,73.1
112,인천,2020-10-20,72.8
112,인천,2020-10-21,64
112,인천,2020-10-22,63.8
112,인천,2020-10-23,47.4
112,인천,2020-10-24,46.1
112,인천,2020-10-25,63.8
112,인천,2020-10-26,66.9
112,인천,2020-10-27,77.5
112,인천,2020-10-28,51.1
112,인천,2020-10-29,38.6
112,인천,2020-10-30,42.3
112,인천,2020-10-31,59.4
112,인천,2020-11-01,82.4
112,인천,2020-11-02,49.1
112,인천,2020-11-03,42
112,인천,2020-11-04,39.9
112,인천,2020-11-05,61.5
112,인천,2020-11-06,60.9
112,인천,2020-11-07,68.9
112,인천,2020-11-08,40.6
112,인천,2020-11-09,36.4
112,인천,2020-11-10,57.8
112,인천,2020-11-11,56.3
112,인천,2020-11-12,60.1
112,인천,2020-11-13,78.5
112,인천,2020-11-14,72.6
112,인천,2020-11-15,83.3
112,인천,2020-11-16,72.3
112,인천,2020-11-17,63.3
112,인천,2020-11-18,86.9
112,인천,2020-11-19,85.4
112,인천,2020-11-20,71.3
112,인천,2020-11-21,68.4
112,인천,2020-11-22,73
112,인천,2020-11-23,54.9
112,인천,2020-11-24,47.5
112,인천,2020-11-25,56.6
112,인천,2020-11-26,63
112,인천,2020-11-27,58.6
112,인천,2020-11-28,50.4
112,인천,2020-11-29,57.1
112,인천,2020-11-30,51.8
112,인천,2020-12-01,44.4
112,인천,2020-12-02,36.1
112,인천,2020-12-03,46.4
112,인천,2020-12-04,47.6
112,인천,2020-12-05,56.8
112,인천,2020-12-06,60.6
112,인천,2020-12-07,55.8
112,인천,2020-12-08,45.6
112,인천,2020-12-09,47.3
112,인천,2020-12-10,70.1
112,인천,2020-12-11,74.8
112,인천,2020-12-12,46.4
112,인천,2020-12-13,72.3
112,인천,2020-12-14,47.3
112,인천,2020-12-15,43.3
112,인천,2020-12-16,41.5
112,인천,2020-12-17,46.1
112,인천,2020-12-18,61.5
112,인천,2020-12-19,40.4
112,인천,2020-12-20,44.9
112,인천,2020-12-21,58.4
112,인천,2020-12-22,67.3
112,인천,2020-12-23,76.3
112,인천,2020-12-24,59.1
112,인천,2020-12-25,49.4
112,인천,2020-12-26,64.9
112,인천,2020-12-27,61.3
112,인천,2020-12-28,84.1
112,인천,2020-12-29,71
112,인천,2020-12-30,48.8
112,인천,2020-12-31,52
112,인천,2021-01-01,56.1
112,인천,2021-01-02,38
112,인천,2021-01-03,39.4
112,인천,2021-01-04,44.8
112,인천,2021-01-05,50
112,인천,2021-01-06,49.4
112,인천,2021-01-07,47.6
112,인천,2021-01-08,42.6
112,인천,2021-01-09,43.4
112,인천,2021-01-10,50.4
112,인천,2021-01-11,54.5
112,인천,2021-01-12,81.8
112,인천,2021-01-13,74.1
112,인천,2021-01-14,36.1
112,인천,2021-01-15,69.5
112,인천,2021-01-16,59.3
112,인천,2021-01-17,55.3
112,인천,2021-01-18,59.4
112,인천,2021-01-19,36
112,인천,2021-01-20,29
112,인천,2021-01-21,66.5
112,인천,2021-01-22,92
112,인천,2021-01-23,64.6
112,인천,2021-01-24,59.3
112,인천,2021-01-25,64.5
112,인천,2021-01-26,80.1
112,인천,2021-01-27,38
112,인천,2021-01-28,50.9
112,인천,2021-01-29,39.1
112,인천,2021-01-30,63.3
112,인천,2021-01-31,53.9
112,인천,2021-02-01,79
112,인천,2021-02-02,43.4
112,인천,2021-02-03,65.5
112,인천,2021-02-04,42.1
112,인천,2021-02-05,71
112,인천,2021-02-06,83.5
112,인천,2021-02-07,68.4
112,인천,2021-02-08,39.1
112,인천,2021-02-09,50.9
112,인천,2021-02-10,77.6
112,인천,2021-02-11,76.1
112,인천,2021-02-12,70.5
112,인천,2021-02-13,74.6
112,인천,2021-02-14,58.3
112,인천,2021-02-15,63.6
112,인천,2021-02-16,51.5
112,인천,2021-02-17,43.9
112,인천,2021-02-18,40.9
112,인천,2021-02-19,62.5
112,인천,2021-02-20,65.8
112,인천,2021-02-21,67.9
112,인천,2021-02-22,57.9
112,인천,2021-02-23,32.6
112,인천,2021-02-24,39.8
112,인천,2021-02-25,42.4
112,인천,2021-02-26,27.6
112,인천,2021-02-27,41.6
112,인천,2021-02-28,45.9
112,인천,2021-03-01,89
112,인천,2021-03-02,68.1
112,인천,2021-03-03,64.6
112,인천,2021-03-04,55.8
112,인천,2021-03-05,70
112,인천,2021-03-06,64.5
112,인천,2021-03-07,60.6
112,인천,2021-03-08,66.6
112,인천,2021-03-09,69.9
112,인천,2021-03-10,68.9
112,인천,2021-03-11,58
112,인천,2021-03-12,57.3
112,인천,2021-03-13,66.5
112,인천,2021-03-14,85.4
112,인천,2021-03-15,69.8
112,인천,2021-03-16,45.3
112,인천,2021-03-17,45
112,인천,2021-03-18,56.6
112,인천,2021-03-19,49.6
112,인천,2021-03-20,78.3
112,인천,2021-03-21,63.4
112,인천,2021-03-22,60.5
112,인천,2021-03-23,69.5
112,인천,2021-03-24,63.3
112,인천,2021-03-25,80.6
112,인천,2021-03-26,61.1
112,인천,2021-03-27,65.6
112,인천,2021-03-28,92
112,인천,2021-03-29,75.9
112,인천,2021-03-30,47.3
112,인천,2021-03-31,46
112,인천,2021-04-01,24.8
112,인천,2021-04-02,28.3
112,인천,2021-04-03,79.6
112,인천,2021-04-04,64.8
112,인천,2021-04-05,47.4
112,인천,2021-04-06,57.9
112,인천,2021-04-07,54.4
112,인천,2021-04-08,37
112,인천,2021-04-09,36.3
112,인천,2021-04-10,50.1
112,인천,2021-04-11,47.1
112,인천,2021-04-12,65.3
112,인천,2021-04-13,66.5
112,인천,2021-04-14,53.5
112,인천,2021-04-15,68.4
112,인천,2021-04-16,61.5
112,인천,2021-04-17,50.6
112,인천,2021-04-18,60.8
112,인천,2021-04-19,65.9
112,인천,2021-04-20,60.6
112,인천,2021-04-21,52.9
112,인천,2021-04-22,35.9
112,인천,2021-04-23,36.1
112,인천,2021-04-24,47.1
112,인천,2021-04-25,51
112,인천,2021-04-26,53.3
112,인천,2021-04-27,66.8
112,인천,2021-04-28,78.9
112,인천,2021-04-29,57.1
112,인천,2021-04-30,81.5
112,인천,2021-05-01,73.1
112,인천,2021-05-02,66.6
112,인천,2021-05-03,57.3
112,인천,2021-05-04,82.4
112,인천,2021-05-05,68
112,인천,2021-05-06,36.6
112,인천,2021-05-07,60
112,인천,2021-05-08,63
112,인천,2021-05-09,51.3
112,인천,2021-05-10,75.8
112,인천,2021-05-11,38.1
112,인천,2021-05-12,33.1
112,인천,2021-05-13,57.3
112,인천,2021-05-14,64.8
112,인천,2021-05-15,82.1
112,인천,2021-05-16,95.8
112,인천,2021-05-17,88.6
112,인천,2021-05-18,66.9
112,인천,2021-05-19,60.3
112,인천,2021-05-20,64.3
112,인천,2021-05-21,83.8
112,인천,2021-05-22,68.1
112,인천,2021-05-23,59.1
112,인천,2021-05-24,69.4
112,인천,2021-05-25,71.6
112,인천,2021-05-26,54.9
112,인천,2021-05-27,77.6
112,인천,2021-05-28,76.9
112,인천,2021-05-29,67.6
112,인천,2021-05-30,62.4
112,인천,2021-05-31,60.9
112,인천,2021-06-01,62.9
112,인천,2021-06-02,56.3
112,인천,2021-06-03,74.8
112,인천,2021-06-04,68.3
112,인천,2021-06-05,72.4
112,인천,2021-06-06,71.5
112,인천,2021-06-07,64.5
112,인천,2021-06-08,70.1
112,인천,2021-06-09,60.3
112,인천,2021-06-10,57.9
112,인천,2021-06-11,82.1
112,인천,2021-06-12,73.5
112,인천,2021-06-13,81.4
112,인천,2021-06-14,74.5
112,인천,2021-06-15,69.4
112,인천,2021-06-16,47.5
112,인천,2021-06-17,68.3
112,인천,2021-06-18,88
112,인천,2021-06-19,73.5
112,인천,2021-06-20,72.5
112,인천,2021-06-21,71.9
112,인천,2021-06-22,61
112,인천,2021-06-23,63.1
112,인천,2021-06-24,67.1
112,인천,2021-06-25,69.4
112,인천,2021-06-26,73.5
112,인천,2021-06-27,60.9
112,인천,2021-06-28,65.8
112,인천,2021-06-29,67.8
112,인천,2021-06-30,69.3
112,인천,2021-07-01,67.9
112,인천,2021-07-02,52
112,인천,2021-07-03,68.1
112,인천,2021-07-04,88.6
112,인천,2021-07-05,73.4
112,인천,2021-07-06,70.4
112,인천,2021-07-07,76.5
112,인천,2021-07-08,78.8
112,인천,2021-07-09,71.3
112,인천,2021-07-10,77.9
112,인천,2021-07-11,83.6
112,인천,2021-07-12,74.1
112,인천,2021-07-13,65.1
112,인천,2021-07-14,62.6
112,인천,2021-07-15,64.4
112,인천,2021-07-16,66.1
112,인천,2021-07-17,61.6
112,인천,2021-07-18,59
112,인천,2021-07-19,64.9
112,인천,2021-07-20,66
112,인천,2021-07-21,63.8
112,인천,2021-07-22,53.9
112,인천,2021-07-23,55.1
112,인천,2021-07-24,54.8
112,인천,2021-07-25,49.4
112,인천,2021-07-26,48.6
112,인천,2021-07-27,51.9
112,인천,2021-07-28,63.9
112,인천,2021-07-29,61.6
112,인천,2021-07-30,62
112,인천,2021-07-31,67
112,인천,2021-08-01,78.6
112,인천,2021-08-02,76.5
112,인천,2021-08-03,69.4
112,인천,2021-08-04,66.8
112,인천,2021-08-05,60.5
112,인천,2021-08-06,62.4
112,인천,2021-08-07,62.3
112,인천,2021-08-08,70.4
112,인천,2021-08-09,55.1
112,인천,2021-08-10,59.6
112,인천,2021-08-11,68.6
112,인천,2021-08-12,61.6
112,인천,2021-08-13,57.9
112,인천,2021-08-14,52.1
112,인천,2021-08-15,54.1
112,인천,2021-08-16,58.5
112,인천,2021-08-17,63.9
112,인천,2021-08-18,64.8
112,인천,2021-08-19,51.1
112,인천,2021-08-20,63.6
112,인천,2021-08-21,75.1
112,인천,2021-08-22,72.6
112,인천,2021-08-23,78.5
112,인천,2021-08-24,80.9
112,인천,2021-08-25,76
112,인천,2021-08-26,79.9
112,인천,2021-08-27,69.5
112,인천,2021-08-28,74
112,인천,2021-08-29,75.4
112,인천,2021-08-30,70.8
112,인천,2021-08-31,83.5
112,인천,2021-09-01,72.5
112,인천,2021-09-02,63.6
112,인천,2021-09-03,54.3
112,인천,2021-09-04,47.1
112,인천,2021-09-05,48.4
112,인천,2021-09-06,63
112,인천,2021-09-07,90.1
112,인천,2021-09-08,70.1
112,인천,2021-09-09,75
112,인천,2021-09-10,71.9
112,인천,2021-09-11,68.3
112,인천,2021-09-12,61.8
112,인천,2021-09-13,56
112,인천,2021-09-14,48.6
112,인천,2021-09-15,44.4
112,인천,2021-09-16,47.1
112,인천,2021-09-17,50.4
112,인천,2021-09-18,58.9
112,인천,2021-09-19,57.3
112,인천,2021-09-20,53.1
112,인천,2021-09-21,77.5
112,인천,2021-09-22,70.8
112,인천,2021-09-23,63
112,인천,2021-09-24,59.9
112,인천,2021-09-25,63.4
112,인천,2021-09-26,57.8
112,인천,2021-09-27,56.1
112,인천,2021-09-28,71
112,인천,2021-09-29,85.5
112,인천,2021-09-30,78.1
112,인천,2021-10-01,70.6
112,인천,2021-10-02,69.4
112,인천,2021-10-03,64.3
112,인천,2021-10-04,72.4
112,인천,2021-10-05,77.5
112,인천,2021-10-06,81.8
112,인천,2021-10-07,77
112,인천,2021-10-08,80.5
112,인천,2021-10-09,73.1
112,인천,2021-10-10,80
112,인천,2021-10-11,63
112,인천,2021-10-12,57.1
112,인천,2021-10-13,61
112,인천,2021-10-14,65.1
112,인천,2021-10-15,60.9
112,인천,2021-10-16,41
112,인천,2021-10-17,28.1
112,인천,2021-10-18,51.8
112,인천,2021-10-19,64.5
112,인천,2021-10-20,50.8
112,인천,2021-10-21,53.6
112,인천,2021-10-22,46.8
112,인천,2021-10-23,50.3
112,인천,2021-10-24,58.8
112,인천,2021-10-25,62
112,인천,2021-10-26,70.1
112,인천,2021-10-27,54.8
112,인천,2021-10-28,45
112,인천,2021-10-29,47.4
112,인천,2021-10-30,58.1
112,인천,2021-10-31,75.1
112,인천,2021-11-01,73.4
112,인천,2021-11-02,70
112,인천,2021-11-03,67
112,인천,2021-11-04,82.8
112,인천,2021-11-05,68
112,인천,2021-11-06,52.4
112,인천,2021-11-07,48.8
112,인천,2021-11-08,80.9
112,인천,2021-11-09,79.4
112,인천,2021-11-10,69.6
112,인천,2021-11-11,54.5
112,인천,2021-11-12,48
112,인천,2021-11-13,55.1
112,인천,2021-11-14,64.9
112,인천,2021-11-15,66.6
112,인천,2021-11-16,54
112,인천,2021-11-17,59.9
112,인천,2021-11-18,77
112,인천,2021-11-19,80
112,인천,2021-11-20,82.4
112,인천,2021-11-21,74.5
112,인천,2021-11-22,56
112,인천,2021-11-23,59.3
112,인천,2021-11-24,53.9
112,인천,2021-11-25,44.8
112,인천,2021-11-26,48.4
112,인천,2021-11-27,47
112,인천,2021-11-28,49.9
112,인천,2021-11-29,56
112,인천,2021-11-30,75.3
112,인천,2021-12-01,43.5
112,인천,2021-12-02,47.4
112,인천,2021-12-03,43.6
112,인천,2021-12-04,39.1
112,인천,2021-12-05,41.4
112,인천,2021-12-06,49.3
112,인천,2021-12-07,55.9
112,인천,2021-12-08,64
112,인천,2021-12-09,56.8
112,인천,2021-12-10,73.1
112,인천,2021-12-11,75.4
112,인천,2021-12-12,52.9
112,인천,2021-12-13,37.5
112,인천,2021-12-14,61.8
112,인천,2021-12-15,71
112,인천,2021-12-16,66
112,인천,2021-12-17,51.1
112,인천,2021-12-18,55.8
112,인천,2021-12-19,57
112,인천,2021-12-20,76.3
112,인천,2021-12-21,69.5
112,인천,2021-12-22,45
112,인천,2021-12-23,51.3
112,인천,2021-12-24,62.9
112,인천,2021-12-25,42.9
112,인천,2021-12-26,47
112,인천,2021-12-27,62.5
112,인천,2021-12-28,70.4
112,인천,2021-12-29,69.6
112,인천,2021-12-30,50.6
112,인천,2021-12-31,35.6
112,인천,2022-01-01,43.4
112,인천,2022-01-02,58
112,인천,2022-01-03,56.9
112,인천,2022-01-04,46
112,인천,2022-01-05,45.1
112,인천,2022-01-06,44.1
112,인천,2022-01-07,50.4
112,인천,2022-01-08,65.9
112,인천,2022-01-09,72.8
112,인천,2022-01-10,75.9
112,인천,2022-01-11,55.1
112,인천,2022-01-12,47.9
112,인천,2022-01-13,45.5
112,인천,2022-01-14,44.5
112,인천,2022-01-15,50.3
112,인천,2022-01-16,56.1
112,인천,2022-01-17,56.9
112,인천,2022-01-18,47.9
112,인천,2022-01-19,65.3
112,인천,2022-01-20,58.9
112,인천,2022-01-21,57
112,인천,2022-01-22,51.4
112,인천,2022-01-23,49.4
112,인천,2022-01-24,52
112,인천,2022-01-25,74
112,인천,2022-01-26,58.1
112,인천,2022-01-27,49.5
112,인천,2022-01-28,50
112,인천,2022-01-29,47.4
112,인천,2022-01-30,41.9
112,인천,2022-01-31,56.4
112,인천,2022-02-01,75.1
112,인천,2022-02-02,59.4
112,인천,2022-02-03,50.8
112,인천,2022-02-04,51.9
112,인천,2022-02-05,47.3
112,인천,2022-02-06,48.6
112,인천,2022-02-07,49.8
112,인천,2022-02-08,55.5
112,인천,2022-02-09,63.6
112,인천,2022-02-10,62.8
112,인천,2022-02-11,75.6
112,인천,2022-02-12,61
112,인천,2022-02-13,44.1
112,인천,2022-02-14,71.4
112,인천,2022-02-15,57.5
112,인천,2022-02-16,49.6
112,인천,2022-02-17,41.1
112,인천,2022-02-18,45.4
112,인천,2022-02-19,56.3
112,인천,2022-02-20,42.3
112,인천,2022-02-21,54.4
112,인천,2022-02-22,40.8
112,인천,2022-02-23,35.4
112,인천,2022-02-24,51.5
112,인천,2022-02-25,79.1
112,인천,2022-02-26,80.6
112,인천,2022-02-27,66.1
112,인천,2022-02-28,65.1
112,인천,2022-03-01,73.4
112,인천,2022-03-02,64.4
112,인천,2022-03-03,62.9
112,인천,2022-03-04,67.4
112,인천,2022-03-05,36.8
112,인천,2022-03-06,38.9
112,인천,2022-03-07,44.8
112,인천,2022-03-08,61.6
112,인천,2022-03-09,77.1
112,인천,2022-03-10,63
112,인천,2022-03-11,65.9
112,인천,2022-03-12,77.1
112,인천,2022-03-13,95.5
112,인천,2022-03-14,91.6
112,인천,2022-03-15,76.4
112,인천,2022-03-16,69.9
112,인천,2022-03-17,62.8
112,인천,2022-03-18,55.8
112,인천,2022-03-19,83.3
112,인천,2022-03-20,64.4
112,인천,2022-03-21,47.5
112,인천,2022-03-22,53.4
112,인천,2022-03-23,59.9
112,인천,2022-03-24,71.8
112,인천,2022-03-25,62.5
112,인천,2022-03-26,80.5
112,인천,2022-03-27,52.1
112,인천,2022-03-28,39.3
112,인천,2022-03-29,53.8
112,인천,2022-03-30,72.9
112,인천,2022-03-31,70.1
112,인천,2022-04-01,59.8
112,인천,2022-04-02,63
112,인천,2022-04-03,57
112,인천,2022-04-04,62.9
112,인천,2022-04-05,50.5
112,인천,2022-04-06,55.1
112,인천,2022-04-07,52.4
112,인천,2022-04-08,49
112,인천,2022-04-09,44.8
112,인천,2022-04-10,50.6
112,인천,2022-04-11,65.4
112,인천,2022-04-12,85.9
112,인천,2022-04-13,70.5
112,인천,2022-04-14,50.1
112,인천,2022-04-15,49.9
112,인천,2022-04-16,58.5
112,인천,2022-04-17,69.3
112,인천,2022-04-18,56.4
112,인천,2022-04-19,70.8
112,인천,2022-04-20,58
112,인천,2022-04-21,48
112,인천,2022-04-22,80.5
112,인천,2022-04-23,71.1
112,인천,2022-04-24,80.3
112,인천,2022-04-25,80
112,인천,2022-04-26,60.1
112,인천,2022-04-27,37.8
112,인천,2022-04-28,46
112,인천,2022-04-29,68.9
112,인천,2022-04-30,65.8
112,인천,2022-05-01,63.5
112,인천,2022-05-02,59.6
112,인천,2022-05-03,48.1
112,인천,2022-05-04,42.1
112,인천,2022-05-05,51.9
112,인천,2022-05-06,71.5
112,인천,2022-05-07,54.3
112,인천,2022-05-08,48.1
112,인천,2022-05-09,59.6
112,인천,2022-05-10,36.8
112,인천,2022-05-11,60
112,인천,2022-05-12,54
112,인천,2022-05-13,41.9
112,인천,2022-05-14,53.9
112,인천,2022-05-15,44.9
112,인천,2022-05-16,66.3
112,인천,2022-05-17,69.3
112,인천,2022-05-18,63.1
112,인천,2022-05-19,60.3
112,인천,2022-05-20,59.1
112,인천,2022-05-21,81.3
112,인천,2022-05-22,79.5
112,인천,2022-05-23,75.4
112,인천,2022-05-24,66.4
112,인천,2022-05-25,81.8
112,인천,2022-05-26,68.8
112,인천,2022-05-27,71.4
112,인천,2022-05-28,69.3
112,인천,2022-05-29,74
112,인천,2022-05-30,75.8
112,인천,2022-05-31,54.1
112,인천,2022-06-01,48.5
112,인천,2022-06-02,76.1
112,인천,2022-06-03,72
112,인천,2022-06-04,72.5
112,인천,2022-06-05,60
112,인천,2022-06-06,65.4
112,인천,2022-06-07,54.9
112,인천,2022-06-08,70.1
112,인천,2022-06-09,76
112,인천,2022-06-10,77.5
112,인천,2022-06-11,61.1
112,인천,2022-06-12,63
112,인천,2022-06-13,67.8
112,인천,2022-06-14,50.1
112,인천,2022-06-15,90.5
112,인천,2022-06-16,78.5
112,인천,2022-06-17,79.9
112,인천,2022-06-18,82.9
112,인천,2022-06-19,83.6
112,인천,2022-06-20,81.8
112,인천,2022-06-21,81
112,인천,2022-06-22,81.4
112,인천,2022-06-23,92.4
112,인천,2022-06-24,94.9
112,인천,2022-06-25,87.3
112,인천,2022-06-26,85.6
112,인천,2022-06-27,83.8
112,인천,2022-06-28,85.9
112,인천,2022-06-29,95.8
112,인천,2022-06-30,97
112,인천,2022-07-01,86
112,인천,2022-07-02,80.8
112,인천,2022-07-03,72.6
112,인천,2022-07-04,71.4
112,인천,2022-07-05,74.8
112,인천,2022-07-06,72.5
112,인천,2022-07-07,78.5
112,인천,2022-07-08,88.6
112,인천,2022-07-09,82.8
112,인천,2022-07-10,75.1
112,인천,2022-07-11,69.9
112,인천,2022-07-12,72.1
112,인천,2022-07-13,93.4
112,인천,2022-07-14,87.9
112,인천,2022-07-15,84.6
112,인천,2022-07-16,83.6
112,인천,2022-07-17,83.8
112,인천,2022-07-18,78.8
112,인천,2022-07-19,81.1
112,인천,2022-07-20,80.4
112,인천,2022-07-21,83.8
112,인천,2022-07-22,82.6
112,인천,2022-07-23,84.5
112,인천,2022-07-24,87.8
112,인천,2022-07-25,79
112,인천,2022-07-26,74.6
112,인천,2022-07-27,72.6
112,인천,2022-07-28,64.5
112,인천,2022-07-29,71
112,인천,2022-07-30,61.8
112,인천,2022-07-31,82.4
112,인천,2022-08-01,85
112,인천,2022-08-02,95.8
112,인천,2022-08-03,94.6
112,인천,2022-08-04,88.1
112,인천,2022-08-05,87
112,인천,2022-08-06,88.4
112,인천,2022-08-07,85.6
112,인천,2022-08-08,93
112,인천,2022-08-09,97.4
112,인천,2022-08-10,90.6
112,인천,2022-08-11,90.8
112,인천,2022-08-12,81.8
112,인천,2022-08-13,86.3
112,인천,2022-08-14,86.3
112,인천,2022-08-15,86.8
112,인천,2022-08-16,79.9
112,인천,2022-08-17,77
112,인천,2022-08-18,76.5
112,인천,2022-08-19,86.4
112,인천,2022-08-20,82.1
112,인천,2022-08-21,78.9
112,인천,2022-08-22,78
112,인천,2022-08-23,72.3
112,인천,2022-08-24,65.9
112,인천,2022-08-25,74.1
112,인천,2022-08-26,74.5
112,인천,2022-08-27,55.3
112,인천,2022-08-28,57.8
112,인천,2022-08-29,70.3
112,인천,2022-08-30,92.8
112,인천,2022-08-31,81.8
112,인천,2022-09-01,71.9
112,인천,2022-09-02,57.6
112,인천,2022-09-03,57.3
112,인천,2022-09-04,82.5
112,인천,2022-09-05,92.8
112,인천,2022-09-06,77.9
112,인천,2022-09-07,65.4
112,인천,2022-09-08,72.6
112,인천,2022-09-09,67.6
112,인천,2022-09-10,43.8
112,인천,2022-09-11,69.4
112,인천,2022-09-12,78.1
112,인천,2022-09-13,71.3
112,인천,2022-09-14,55.3
112,인천,2022-09-15,60.3
112,인천,2022-09-16,75.1
112,인천,2022-09-17,84.4
112,인천,2022-09-18,74.1
112,인천,2022-09-19,62.9
112,인천,2022-09-20,51.4
112,인천,2022-09-21,57.3
112,인천,2022-09-22,58.1
112,인천,2022-09-23,67.4
112,인천,2022-09-24,63.4
112,인천,2022-09-25,67.4
112,인천,2022-09-26,63.8
112,인천,2022-09-27,71.8
112,인천,2022-09-28,76.8
112,인천,2022-09-29,80.1
112,인천,2022-09-30,80.5
112,인천,2022-10-01,74.6
112,인천,2022-10-02,74.6
112,인천,2022-10-03,96.1
112,인천,2022-10-04,75.1
112,인천,2022-10-05,69.3
112,인천,2022-10-06,72.5
112,인천,2022-10-07,57
112,인천,2022-10-08,57
112,인천,2022-10-09,80.5
112,인천,2022-10-10,69.1
112,인천,2022-10-11,61.5
112,인천,2022-10-12,65.3
112,인천,2022-10-13,66.6
112,인천,2022-10-14,74.8
112,인천,2022-10-15,71.1
112,인천,2022-10-16,75.6
112,인천,2022-10-17,44.4
112,인천,2022-10-18,45.9
112,인천,2022-10-19,52
112,인천,2022-10-20,65.6
112,인천,2022-10-21,70.5
112,인천,2022-10-22,79.1
112,인천,2022-10-23,59.1
112,인천,2022-10-24,45.5
112,인천,2022-10-25,53.9
112,인천,2022-10-26,54.8
112,인천,2022-10-27,68.6
112,인천,2022-10-28,71.9
112,인천,2022-10-29,68.4
112,인천,2022-10-30,67.6
112,인천,2022-10-31,70
112,인천,2022-11-01,73
112,인천,2022-11-02,53.9
112,인천,2022-11-03,55.4
112,인천,2022-11-04,39.5
112,인천,2022-11-05,48.4
112,인천,2022-11-06,58.1
112,인천,2022-11-07,64.4
112,인천,2022-11-08,76.3
112,인천,2022-11-09,80.4
112,인천,2022-11-10,76
112,인천,2022-11-11,58.5
112,인천,2022-11-12,76.1
112,인천,2022-11-13,77.8
112,인천,2022-11-14,70
112,인천,2022-11-15,71.9
112,인천,2022-11-16,68
112,인천,2022-11-17,67
112,인천,2022-11-18,70.5
112,인천,2022-11-19,54.4
112,인천,2022-11-20,65.1
112,인천,2022-11-21,73.5
112,인천,2022-11-22,75.9
112,인천,2022-11-23,61
112,인천,2022-11-24,68.5
112,인천,2022-11-25,67.9
112,인천,2022-11-26,47.4
112,인천,2022-11-27,38.9
112,인천,2022-11-28,68.8
112,인천,2022-11-29,58.8
112,인천,2022-11-30,48.6
112,인천,2022-12-01,43.1
112,인천,2022-12-02,35.9
112,인천,2022-12-03,70.5
112,인천,2022-12-04,34.1
112,인천,2022-12-05,42.6
112,인천,2022-12-06,62.9
112,인천,2022-12-07,58.8
112,인천,2022-12-08,51.4
112,인천,2022-12-09,56.4
112,인천,2022-12-10,42.9
112,인천,2022-12-11,49.3
112,인천,2022-12-12,68
112,인천,2022-12-13,67.8
112,인천,2022-12-14,52.1
112,인천,2022-12-15,75
112,인천,2022-12-16,47.4
112,인천,2022-12-17,52.5
112,인천,2022-12-18,47.6
112,인천,2022-12-19,50.5
112,인천,2022-12-20,50.3
112,인천,2022-12-21,78.8
112,인천,2022-12-22,61.4
112,인천,2022-12-23,60.6
112,인천,2022-12-24,54.1
112,인천,2022-12-25,62.3
112,인천,2022-12-26,62.1
112,인천,2022-12-27,66.6
112,인천,2022-12-28,55.4
112,인천,2022-12-29,54.6
112,인천,2022-12-30,68.3
112,인천,2022-12-31,62.4
112,인천,2023-01-01,52
112,인천,2023-01-02,45
112,인천,2023-01-03,45
112,인천,2023-01-04,51
112,인천,2023-01-05,67.4
112,인천,2023-01-06,70.1
112,인천,2023-01-07,74.6
112,인천,2023-01-08,63.8
112,인천,2023-01-09,57
112,인천,2023-01-10,61.8
112,인천,2023-01-11,69.8
112,인천,2023-01-12,53.1
112,인천,2023-01-13,95.6
112,인천,2023-01-14,95.4
112,인천,2023-01-15,91.5
112,인천,2023-01-16,58.3
112,인천,2023-01-17,61
112,인천,2023-01-18,60.3
112,인천,2023-01-19,61.8
112,인천,2023-01-20,46.4
112,인천,2023-01-21,48.9
112,인천,2023-01-22,51.8
112,인천,2023-01-23,67.9
112,인천,2023-01-24,51.8
112,인천,2023-01-25,46
112,인천,2023-01-26,75.9
112,인천,2023-01-27,52.9
112,인천,2023-01-28,49.8
112,인천,2023-01-29,56.6
112,인천,2023-01-30,54.8
112,인천,2023-01-31,68.1
112,인천,2023-02-01,70.3
112,인천,2023-02-02,50.8
112,인천,2023-02-03,50.1
112,인천,2023-02-04,57.1
112,인천,2023-02-05,73.5
112,인천,2023-02-06,75.5
112,인천,2023-02-07,78.1
112,인천,2023-02-08,58.9
112,인천,2023-02-09,47.3
112,인천,2023-02-10,79.3
112,인천,2023-02-11,75.8
112,인천,2023-02-12,70.5
112,인천,2023-02-13,68
112,인천,2023-02-14,47.8
112,인천,2023-02-15,48.3
112,인천,2023-02-16,69.6
112,인천,2023-02-17,71.5
112,인천,2023-02-18,68.4
112,인천,2023-02-19,60.5
112,인천,2023-02-20,44.8
112,인천,2023-02-21,45.6
112,인천,2023-02-22,59.9
112,인천,2023-02-23,72.6
112,인천,2023-02-24,61
112,인천,2023-02-25,42.3
112,인천,2023-02-26,51.6
112,인천,2023-02-27,60.8
112,인천,2023-02-28,68.9
112,인천,2023-03-01,59.9
112,인천,2023-03-02,39.3
112,인천,2023-03-03,68.8
112,인천,2023-03-04,74.6
112,인천,2023-03-05,54.4
112,인천,2023-03-06,53.8
112,인천,2023-03-07,68.4
112,인천,2023-03-08,67.5
112,인천,2023-03-09,90.8
112,인천,2023-03-10,69.5
112,인천,2023-03-11,58.3
112,인천,2023-03-12,68.3
112,인천,2023-03-13,41.5
112,인천,2023-03-14,54.5
112,인천,2023-03-15,66.5
112,인천,2023-03-16,37
112,인천,2023-03-17,37.6
112,인천,2023-03-18,47.9
112,인천,2023-03-19,81.1
112,인천,2023-03-20,65.1
112,인천,2023-03-21,45.8
112,인천,2023-03-22,50.6
112,인천,2023-03-23,50.8
112,인천,2023-03-24,34.5
112,인천,2023-03-25,63.4
112,인천,2023-03-26,29.6
112,인천,2023-03-27,56.1
112,인천,2023-03-28,61.3
112,인천,2023-03-29,65.1
112,인천,2023-03-30,52.9
112,인천,2023-03-31,52.8
112,인천,2023-04-01,50
112,인천,2023-04-02,25.4
112,인천,2023-04-03,24.8
112,인천,2023-04-04,37.3
112,인천,2023-04-05,95.9
112,인천,2023-04-06,94.8
112,인천,2023-04-07,65.8
112,인천,2023-04-08,59.4
112,인천,2023-04-09,65.4
112,인천,2023-04-10,49.3
112,인천,2023-04-11,70.6
112,인천,2023-04-12,49.3
112,인천,2023-04-13,40
112,인천,2023-04-14,63.3
112,인천,2023-04-15,86.9
112,인천,2023-04-16,77.8
112,인천,2023-04-17,63
112,인천,2023-04-18,76.8
112,인천,2023-04-19,69.5
112,인천,2023-04-20,92.8
112,인천,2023-04-21,38.4
112,인천,2023-04-22,17.4
112,인천,2023-04-23,32.3
112,인천,2023-04-24,42.5
112,인천,2023-04-25,64.9
112,인천,2023-04-26,70.9
112,인천,2023-04-27,70
112,인천,2023-04-28,63
112,인천,2023-04-29,86.5
112,인천,2023-04-30,74.6
112,인천,2023-05-01,66.5
112,인천,2023-05-02,43.9
112,인천,2023-05-03,50.4
112,인천,2023-05-04,64.6
112,인천,2023-05-05,91.9
112,인천,2023-05-06,82.3
112,인천,2023-05-07,46.9
112,인천,2023-05-08,59.3
112,인천,2023-05-09,69.3
112,인천,2023-05-10,61.5
112,인천,2023-05-11,53.9
112,인천,2023-05-12,57
112,인천,2023-05-13,70.9
112,인천,2023-05-14,62
112,인천,2023-05-15,56.4
112,인천,2023-05-16,59.3
112,인천,2023-05-17,74.3
112,인천,2023-05-18,74.9
112,인천,2023-05-19,61.8
112,인천,2023-05-20,75.3
112,인천,2023-05-21,88.4
112,인천,2023-05-22,67.9
112,인천,2023-05-23,57.9
112,인천,2023-05-24,54.5
112,인천,2023-05-25,53.9
112,인천,2023-05-26,57
112,인천,2023-05-27,89
112,인천,2023-05-28,96.6
112,인천,2023-05-29,90.6
112,인천,2023-05-30,76.5
112,인천,2023-05-31,64.6
112,인천,2023-06-01,74.8
112,인천,2023-06-02,82.6
112,인천,2023-06-03,61.6
112,인천,2023-06-04,72.9
112,인천,2023-06-05,76.1
112,인천,2023-06-06,77.1
112,인천,2023-06-07,80.5
112,인천,2023-06-08,84.4
112,인천,2023-06-09,77.4
112,인천,2023-06-10,74.1
112,인천,2023-06-11,78.1
112,인천,2023-06-12,78
112,인천,2023-06-13,76.6
112,인천,2023-06-14,76
112,인천,2023-06-15,78
112,인천,2023-06-16,69
112,인천,2023-06-17,71.1
112,인천,2023-06-18,71.4
112,인천,2023-06-19,64.6
112,인천,2023-06-20,63
112,인천,2023-06-21,87.1
112,인천,2023-06-22,78.5
112,인천,2023-06-23,80.8
112,인천,2023-06-24,73
112,인천,2023-06-25,65.8
112,인천,2023-06-26,88.4
112,인천,2023-06-27,81.1
112,인천,2023-06-28,85.6
112,인천,2023-06-29,95.4
112,인천,2023-06-30,90.4
112,인천,2023-07-01,82
112,인천,2023-07-02,86.3
112,인천,2023-07-03,78.6
112,인천,2023-07-04,93.6
112,인천,2023-07-05,88.6
112,인천,2023-07-06,76.9
112,인천,2023-07-07,70.3
112,인천,2023-07-08,81.8
112,인천,2023-07-09,89.4
112,인천,2023-07-10,84.6
112,인천,2023-07-11,92.1
112,인천,2023-07-12,89.5
112,인천,2023-07-13,95
112,인천,2023-07-14,98.1
112,인천,2023-07-15,95.3
112,인천,2023-07-16,93
112,인천,2023-07-17,89.4
112,인천,2023-07-18,89.9
112,인천,2023-07-19,82.6
112,인천,2023-07-20,77
112,인천,2023-07-21,70.1
112,인천,2023-07-22,77.5
112,인천,2023-07-23,95.9
112,인천,2023-07-24,89
112,인천,2023-07-25,86.1
112,인천,2023-07-26,84.6
112,인천,2023-07-27,79
112,인천,2023-07-28,74.4
112,인천,2023-07-29,72.5
112,인천,2023-07-30,68.5
112,인천,2023-07-31,77.9
112,인천,2023-08-01,75.4
112,인천,2023-08-02,77.4
112,인천,2023-08-03,73.4
112,인천,2023-08-04,69.8
112,인천,2023-08-05,73.8
112,인천,2023-08-06,79
112,인천,2023-08-07,72.1
112,인천,2023-08-08,63.3
112,인천,2023-08-09,64.6
112,인천,2023-08-10,90.3
112,인천,2023-08-11,93.1
112,인천,2023-08-12,92.5
112,인천,2023-08-13,79.1
112,인천,2023-08-14,77.5
112,인천,2023-08-15,78.5
112,인천,2023-08-16,76.9
112,인천,2023-08-17,73.9
112,인천,2023-08-18,74
112,인천,2023-08-19,75
112,인천,2023-08-20,81.1
112,인천,2023-08-21,76.6
112,인천,2023-08-22,86.3
112,인천,2023-08-23,94
112,인천,2023-08-24,92.5
112,인천,2023-08-25,82.8
112,인천,2023-08-26,79.3
112,인천,2023-08-27,80.5
112,인천,2023-08-28,88.3
112,인천,2023-08-29,91.3
112,인천,2023-08-30,84.9
112,인천,2023-08-31,78
112,인천,2023-09-01,73
112,인천,2023-09-02,71.1
112,인천,2023-09-03,77
112,인천,2023-09-04,80.4
112,인천,2023-09-05,77
112,인천,2023-09-06,69.8
112,인천,2023-09-07,50.4
112,인천,2023-09-08,61.8
112,인천,2023-09-09,70.4
112,인천,2023-09-10,72.8
112,인천,2023-09-11,72
112,인천,2023-09-12,73
112,인천,2023-09-13,87.1
112,인천,2023-09-14,74.1
112,인천,2023-09-15,82
112,인천,2023-09-16,87.1
112,인천,2023-09-17,87.1
112,인천,2023-09-18,83
112,인천,2023-09-19,87.1
112,인천,2023-09-20,90.6
112,인천,2023-09-21,71.9
112,인천,2023-09-22,70.4
112,인천,2023-09-23,64.3
112,인천,2023-09-24,53.1
112,인천,2023-09-25,64.5
112,인천,2023-09-26,94.4
112,인천,2023-09-27,90.4
112,인천,2023-09-28,80.1
112,인천,2023-09-29,61.9
112,인천,2023-09-30,71.1
112,인천,2023-10-01,57.1
112,인천,2023-10-02,51.1
112,인천,2023-10-03,62.9
112,인천,2023-10-04,70.8
112,인천,2023-10-05,40.8
112,인천,2023-10-06,46.8
112,인천,2023-10-07,54.6
112,인천,2023-10-08,64.3
112,인천,2023-10-09,66.9
112,인천,2023-10-10,75.8
112,인천,2023-10-11,60.6
112,인천,2023-10-12,63.8
112,인천,2023-10-13,69.4
112,인천,2023-10-14,78.9
112,인천,2023-10-15,76.3
112,인천,2023-10-16,53.8
112,인천,2023-10-17,50.8
112,인천,2023-10-18,71.6
112,인천,2023-10-19,78.8
112,인천,2023-10-20,44.8
112,인천,2023-10-21,49.9
112,인천,2023-10-22,62.1
112,인천,2023-10-23,74.4
112,인천,2023-10-24,81.1
112,인천,2023-10-25,79.5
112,인천,2023-10-26,86.4
112,인천,2023-10-27,63.6
112,인천,2023-10-28,65.9
112,인천,2023-10-29,62.4
112,인천,2023-10-30,75
112,인천,2023-10-31,83.1
112,인천,2023-11-01,87.3
112,인천,2023-11-02,78.8
112,인천,2023-11-03,84.5
112,인천,2023-11-04,70.3
112,인천,2023-11-05,87
112,인천,2023-11-06,81.1
112,인천,2023-11-07,59.6
112,인천,2023-11-08,57.5
112,인천,2023-11-09,66.4
112,인천,2023-11-10,51.8
112,인천,2023-11-11,48.8
112,인천,2023-11-12,56.6
112,인천,2023-11-13,55.1
112,인천,2023-11-14,67
112,인천,2023-11-15,71
112,인천,2023-11-16,81.9
112,인천,2023-11-17,60.5
112,인천,2023-11-18,62.5
112,인천,2023-11-19,69
112,인천,2023-11-20,56
112,인천,2023-11-21,64.6
112,인천,2023-11-22,71.4
112,인천,2023-11-23,76.6
112,인천,2023-11-24,56.4
112,인천,2023-11-25,46.5
112,인천,2023-11-26,44.8
112,인천,2023-11-27,80.9
112,인천,2023-11-28,60
112,인천,2023-11-29,61
112,인천,2023-11-30,51.4
112,인천,2023-12-01,55.8
112,인천,2023-12-02,59.9
112,인천,2023-12-03,56.1
112,인천,2023-12-04,59
112,인천,2023-12-05,55
112,인천,2023-12-06,72.4
112,인천,2023-12-07,63
112,인천,2023-12-08,72.8
112,인천,2023-12-09,86.9
112,인천,2023-12-10,52.5
112,인천,2023-12-11,84.8
112,인천,2023-12-12,77
112,인천,2023-12-13,72.3
112,인천,2023-12-14,85.8
112,인천,2023-12-15,94.8
112,인천,2023-12-16,71.8
112,인천,2023-12-17,51.6
112,인천,2023-12-18,44.9
112,인천,2023-12-19,62.6
112,인천,2023-12-20,66.8
112,인천,2023-12-21,60.8
112,인천,2023-12-22,56.3
112,인천,2023-12-23,57
112,인천,2023-12-24,78.4
112,인천,2023-12-25,74.6
112,인천,2023-12-26,70.8
112,인천,2023-12-27,78.5
112,인천,2023-12-28,71.6
112,인천,2023-12-29,72.9
112,인천,2023-12-30,89.1
112,인천,2023-12-31,89.6
112,인천,2024-01-01,87.1
112,인천,2024-01-02,73.9
112,인천,2024-01-03,78.5
112,인천,2024-01-04,68.5
112,인천,2024-01-05,77.1
112,인천,2024-01-06,68.8
112,인천,2024-01-07,56.5
112,인천,2024-01-08,59.3
112,인천,2024-01-09,84.9
112,인천,2024-01-10,85
112,인천,2024-01-11,80.4
112,인천,2024-01-12,59.8
112,인천,2024-01-13,50
112,인천,2024-01-14,71.6
112,인천,2024-01-15,45.3
112,인천,2024-01-16,46.9
112,인천,2024-01-17,80.3
112,인천,2024-01-18,78.4
112,인천,2024-01-19,61.6
112,인천,2024-01-20,70.3
112,인천,2024-01-21,79.3
112,인천,2024-01-22,66.5
112,인천,2024-01-23,57.3
112,인천,2024-01-24,52.4
112,인천,2024-01-25,45.1
112,인천,2024-01-26,63.9
112,인천,2024-01-27,68.8
112,인천,2024-01-28,64.5
112,인천,2024-01-29,70.4
112,인천,2024-01-30,61.3
112,인천,2024-01-31,58.5
112,인천,2024-02-01,67.8
112,인천,2024-02-02,74.8
112,인천,2024-02-03,70.8
112,인천,2024-02-04,65.3
112,인천,2024-02-05,88.9
112,인천,2024-02-06,86.9
112,인천,2024-02-07,77.8
112,인천,2024-02-08,66.6
112,인천,2024-02-09,67.4
112,인천,2024-02-10,72.5
112,인천,2024-02-11,69.3
112,인천,2024-02-12,63.8
112,인천,2024-02-13,70.1
112,인천,2024-02-14,80.8
112,인천,2024-02-15,81.4
112,인천,2024-02-16,63
112,인천,2024-02-17,73.3
112,인천,2024-02-18,81.8
112,인천,2024-02-19,95.3
112,인천,2024-02-20,83.6
112,인천,2024-02-21,92.5
112,인천,2024-02-22,87.4
112,인천,2024-02-23,69.3
112,인천,2024-02-24,66.6
112,인천,2024-02-25,82.4
112,인천,2024-02-26,68.3
112,인천,2024-02-27,50.8
112,인천,2024-02-28,61.8
112,인천,2024-02-29,62.9
112,인천,2024-03-01,41
112,인천,2024-03-02,62.1
112,인천,2024-03-03,75
112,인천,2024-03-04,42.3
112,인천,2024-03-05,47.1
112,인천,2024-03-06,64.1
112,인천,2024-03-07,63.8
112,인천,2024-03-08,52.3
112,인천,2024-03-09,51.6
112,인천,2024-03-10,60.1
112,인천,2024-03-11,61.6
112,인천,2024-03-12,71.5
112,인천,2024-03-13,66.1
112,인천,2024-03-14,74.5
112,인천,2024-03-15,82.8
112,인천,2024-03-16,68.4
112,인천,2024-03-17,54.1
112,인천,2024-03-18,36.4
112,인천,2024-03-19,68.6
112,인천,2024-03-20,54.3
112,인천,2024-03-21,59.9
112,인천,2024-03-22,55.4
112,인천,2024-03-23,74.1
112,인천,2024-03-24,47.3
112,인천,2024-03-25,62
112,인천,2024-03-26,83
112,인천,2024-03-27,75.9
112,인천,2024-03-28,82.3
112,인천,2024-03-29,82
112,인천,2024-03-30,59
112,인천,2024-03-31,40.9
112,인천,2024-04-01,34.6
112,인천,2024-04-02,47.4
112,인천,2024-04-03,55.9
112,인천,2024-04-04,57.4
112,인천,2024-04-05,59.3
112,인천,2024-04-06,58.1
112,인천,2024-04-07,37.8
112,인천,2024-04-08,59.8
112,인천,2024-04-09,39.9
112,인천,2024-04-10,69.6
112,인천,2024-04-11,65
112,인천,2024-04-12,68.1
112,인천,2024-04-13,68
112,인천,2024-04-14,54.1
112,인천,2024-04-15,83.3
112,인천,2024-04-16,94.1
112,인천,2024-04-17,77.1
112,인천,2024-04-18,65.9
112,인천,2024-04-19,60.9
112,인천,2024-04-20,78.5
112,인천,2024-04-21,66.5
112,인천,2024-04-22,52.5
112,인천,2024-04-23,62
112,인천,2024-04-24,83.8
112,인천,2024-04-25,82
112,인천,2024-04-26,74
112,인천,2024-04-27,70.1
112,인천,2024-04-28,69.5
112,인천,2024-04-29,53.4
112,인천,2024-04-30,76
112,인천,2024-05-01,58.5
112,인천,2024-05-02,60.9
112,인천,2024-05-03,58.8
112,인천,2024-05-04,51.3
112,인천,2024-05-05,90.8
112,인천,2024-05-06,98.3
112,인천,2024-05-07,84.3
112,인천,2024-05-08,63.8
112,인천,2024-05-09,74
112,인천,2024-05-10,62.1
112,인천,2024-05-11,83.3
112,인천,2024-05-12,72
112,인천,2024-05-13,64.8
112,인천,2024-05-14,56
112,인천,2024-05-15,77.5
112,인천,2024-05-16,71.4
112,인천,2024-05-17,73.5
112,인천,2024-05-18,72.3
112,인천,2024-05-19,71.6
112,인천,2024-05-20,82.8
112,인천,2024-05-21,82.9
112,인천,2024-05-22,82
112,인천,2024-05-23,80.3
112,인천,2024-05-24,85.5
112,인천,2024-05-25,84.9
112,인천,2024-05-26,80.3
112,인천,2024-05-27,68.9
112,인천,2024-05-28,57.5
112,인천,2024-05-29,62.4
112,인천,2024-05-30,57.5
112,인천,2024-05-31,76.8
112,인천,2024-06-01,67.4
112,인천,2024-06-02,60.8
112,인천,2024-06-03,55.1
112,인천,2024-06-04,43.8
112,인천,2024-06-05,65.9
112,인천,2024-06-06,70.3
112,인천,2024-06-07,65.1
112,인천,2024-06-08,86.1
112,인천,2024-06-09,78.9
112,인천,2024-06-10,76.1
112,인천,2024-06-11,80.9
112,인천,2024-06-12,70.8
112,인천,2024-06-13,70.6
112,인천,2024-06-14,74
112,인천,2024-06-15,81.6
112,인천,2024-06-16,75.8
112,인천,2024-06-17,69.1
112,인천,2024-06-18,77.3
112,인천,2024-06-19,68.8
112,인천,2024-06-20,56.1
112,인천,2024-06-21,67.3
112,인천,2024-06-22,84.5
112,인천,2024-06-23,83.6
112,인천,2024-06-24,79.9
112,인천,2024-06-25,67.3
112,인천,2024-06-26,65.4
112,인천,2024-06-27,66.9
112,인천,2024-06-28,58.8
112,인천,2024-06-29,69.9
112,인천,2024-06-30,92.3
112,인천,2024-07-01,78.5
112,인천,2024-07-02,91.5
112,인천,2024-07-03,89.8
112,인천,2024-07-04,84.3
112,인천,2024-07-05,85.1
112,인천,2024-07-06,88
112,인천,2024-07-07,88.6
112,인천,2024-07-08,96.6
112,인천,2024-07-09,94.3
112,인천,2024-07-10,79.5
112,인천,2024-07-11,87.9
112,인천,2024-07-12,85.4
112,인천,2024-07-13,82.3
112,인천,2024-07-14,72.1
112,인천,2024-07-15,70.6
112,인천,2024-07-16,84.3
112,인천,2024-07-17,95
112,인천,2024-07-18,98
112,인천,2024-07-19,93.8
112,인천,2024-07-20,87.9
112,인천,2024-07-21,89.8
112,인천,2024-07-22,94.6
112,인천,2024-07-23,95.5
112,인천,2024-07-24,94.3
112,인천,2024-07-25,84
112,인천,2024-07-26,81.8
112,인천,2024-07-27,80.6
112,인천,2024-07-28,79.3
112,인천,2024-07-29,91.4
112,인천,2024-07-30,89.5
112,인천,2024-07-31,82.6
112,인천,2024-08-01,84.6
112,인천,2024-08-02,88.4
112,인천,2024-08-03,80.5
112,인천,2024-08-04,75.3
112,인천,2024-08-05,78
112,인천,2024-08-06,80.3
112,인천,2024-08-07,80.9
112,인천,2024-08-08,86.1
112,인천,2024-08-09,82
112,인천,2024-08-10,76
112,인천,2024-08-11,73.1
112,인천,2024-08-12,74.4
112,인천,2024-08-13,76
112,인천,2024-08-14,79.9
112,인천,2024-08-15,76
112,인천,2024-08-16,72.8
112,인천,2024-08-17,76.8
112,인천,2024-08-18,77
112,인천,2024-08-19,77.1
112,인천,2024-08-20,70.9
112,인천,2024-08-21,90.8
112,인천,2024-08-22,86.1
112,인천,2024-08-23,83.9
112,인천,2024-08-24,80.4
112,인천,2024-08-25,79.6
112,인천,2024-08-26,83.5
112,인천,2024-08-27,67.4
112,인천,2024-08-28,60.3
112,인천,2024-08-29,60.6
112,인천,2024-08-30,69.1
112,인천,2024-08-31,73.1
112,인천,2024-09-01,73.3
112,인천,2024-09-02,78
112,인천,2024-09-03,58.6
112,인천,2024-09-04,64.8
112,인천,2024-09-05,85.6
112,인천,2024-09-06,82
112,인천,2024-09-07,76.9
112,인천,2024-09-08,77.4
112,인천,2024-09-09,74.1
112,인천,2024-09-10,72
112,인천,2024-09-11,77.1
112,인천,2024-09-12,92.9
112,인천,2024-09-13,93.9
112,인천,2024-09-14,86.5
112,인천,2024-09-15,77.3
112,인천,2024-09-16,75.8
112,인천,2024-09-17,81.6
112,인천,2024-09-18,82.1
112,인천,2024-09-19,80.4
112,인천,2024-09-20,94.5
112,인천,2024-09-21,83.1
112,인천,2024-09-22,69.3
112,인천,2024-09-23,57.8
112,인천,2024-09-24,56.5
112,인천,2024-09-25,65.8
112,인천,2024-09-26,75.3
112,인천,2024-09-27,73.9
112,인천,2024-09-28,61.1
112,인천,2024-09-29,62.9
112,인천,2024-09-30,63.1
112,인천,2024-10-01,68.8
112,인천,2024-10-02,46.1
112,인천,2024-10-03,58.5
112,인천,2024-10-04,60.8
112,인천,2024-10-05,58
112,인천,2024-10-06,73.5
112,인천,2024-10-07,73.5
112,인천,2024-10-08,73.6
112,인천,2024-10-09,62.4
112,인천,2024-10-10,67
112,인천,2024-10-11,70.3
112,인천,2024-10-12,64.4
112,인천,2024-10-13,64.6
112,인천,2024-10-14,66.6
112,인천,2024-10-15,86.5
112,인천,2024-10-16,81.8
112,인천,2024-10-17,70.9
112,인천,2024-10-18,86.1
112,인천,2024-10-19,75.5
112,인천,2024-10-20,52.6
112,인천,2024-10-21,65.1
112,인천,2024-10-22,88.5
112,인천,2024-10-23,71.4
112,인천,2024-10-24,69.4
112,인천,2024-10-25,67
112,인천,2024-10-26,66.6
112,인천,2024-10-27,78.4
112,인천,2024-10-28,77.5
112,인천,2024-10-29,66.5
112,인천,2024-10-30,75.9
112,인천,2024-10-31,71.4
112,인천,2024-11-01,69.9
112,인천,2024-11-02,62.6
112,인천,2024-11-03,74.4
112,인천,2024-11-04,63.3
112,인천,2024-11-05,46.6
112,인천,2024-11-06,44.5
112,인천,2024-11-07,45.3
112,인천,2024-11-08,49.3
112,인천,2024-11-09,56.6
112,인천,2024-11-10,68.4
112,인천,2024-11-11,66.8
112,인천,2024-11-12,69.5
112,인천,2024-11-13,66.8
112,인천,2024-11-14,66.9
112,인천,2024-11-15,65.9
112,인천,2024-11-16,76.4
112,인천,2024-11-17,43.3
112,인천,2024-11-18,31.1
112,인천,2024-11-19,52.5
112,인천,2024-11-20,64.3
112,인천,2024-11-21,74.9
112,인천,2024-11-22,46.6
112,인천,2024-11-23,46.9
112,인천,2024-11-24,57.6
112,인천,2024-11-25,55
112,인천,2024-11-26,83.9
112,인천,2024-11-27,94.8
112,인천,2024-11-28,84
112,인천,2024-11-29,75.8
112,인천,2024-11-30,76.9
112,인천,2024-12-01,87.8
112,인천,2024-12-02,79.9
112,인천,2024-12-03,50.6
112,인천,2024-12-04,55.6
112,인천,2024-12-05,63.4
112,인천,2024-12-06,52.4
112,인천,2024-12-07,57.4
112,인천,2024-12-08,46.8
112,인천,2024-12-09,53.9
112,인천,2024-12-10,57.5
112,인천,2024-12-11,49.1
112,인천,2024-12-12,43.1
112,인천,2024-12-13,45.1
112,인천,2024-12-14,51.3
112,인천,2024-12-15,57.9
112,인천,2024-12-16,58.5
112,인천,2024-12-17,47.8
112,인천,2024-12-18,45.9
112,인천,2024-12-19,53.6
112,인천,2024-12-20,65.8
112,인천,2024-12-21,72.1
112,인천,2024-12-22,52.1
112,인천,2024-12-23,58.9
112,인천,2024-12-24,52.5
112,인천,2024-12-25,67.8
112,인천,2024-12-26,59.6
112,인천,2024-12-27,50.8
112,인천,2024-12-28,50.8
112,인천,2024-12-29,56.3
112,인천,2024-12-30,70.8
112,인천,2024-12-31,45.9
112,인천,2025-01-01,63.1
112,인천,2025-01-02,46.4
112,인천,2025-01-03,50.8
112,인천,2025-01-04,46.4
112,인천,2025-01-05,87.5
112,인천,2025-01-06,76.1
112,인천,2025-01-07,53.5
112,인천,2025-01-08,57.6
112,인천,2025-01-09,42.5
112,인천,2025-01-10,53.3
112,인천,2025-01-11,60.9
112,인천,2025-01-12,62.3
112,인천,2025-01-13,72.5
112,인천,2025-01-14,74.3
112,인천,2025-01-15,42.5
112,인천,2025-01-16,63.6
112,인천,2025-01-17,54.1
112,인천,2025-01-18,55.1
112,인천,2025-01-19,67.6
112,인천,2025-01-20,81.1
112,인천,2025-01-21,85.3
112,인천,2025-01-22,84.5
112,인천,2025-01-23,58.1
112,인천,2025-01-24,50.4
112,인천,2025-01-25,53.6
112,인천,2025-01-26,49
112,인천,2025-01-27,76.9
112,인천,2025-01-28,80.4
112,인천,2025-01-29,66.1
112,인천,2025-01-30,45.3
112,인천,2025-01-31,81
112,인천,2025-02-01,69.3
112,인천,2025-02-02,69
112,인천,2025-02-03,54.8
112,인천,2025-02-04,58
112,인천,2025-02-05,49.4
112,인천,2025-02-06,62
112,인천,2025-02-07,61.8
112,인천,2025-02-08,54.4
112,인천,2025-02-09,65.3
112,인천,2025-02-10,66.5
112,인천,2025-02-11,61.8
112,인천,2025-02-12,77.9
112,인천,2025-02-13,58.6
112,인천,2025-02-14,80.3
112,인천,2025-02-15,81.6
112,인천,2025-02-16,78.6
112,인천,2025-02-17,45.4
112,인천,2025-02-18,41.5
112,인천,2025-02-19,45.6
112,인천,2025-02-20,47.4
112,인천,2025-02-21,47.6
112,인천,2025-02-22,51
112,인천,2025-02-23,47.8
112,인천,2025-02-24,54.6
112,인천,2025-02-25,77.6
112,인천,2025-02-26,58
112,인천,2025-02-27,37
112,인천,2025-02-28,64.9
112,인천,2025-03-01,82.1
112,인천,2025-03-02,70.8
112,인천,2025-03-03,64.3
112,인천,2025-03-04,69.9
112,인천,2025-03-05,66.5
112,인천,2025-03-06,56.4
112,인천,2025-03-07,53
112,인천,2025-03-08,64.5
112,인천,2025-03-09,80.6
112,인천,2025-03-10,69.4
112,인천,2025-03-11,65.3
112,인천,2025-03-12,81.1
112,인천,2025-03-13,66.3
112,인천,2025-03-14,33.3
112,인천,2025-03-15,43.9
112,인천,2025-03-16,58.5
112,인천,2025-03-17,51.4
112,인천,2025-03-18,70.1
112,인천,2025-03-19,50.5
112,인천,2025-03-20,73.4
112,인천,2025-03-21,75.8
112,인천,2025-03-22,63.3
112,인천,2025-03-23,59
112,인천,2025-03-24,67
112,인천,2025-03-25,75.3
112,인천,2025-03-26,51.1
112,인천,2025-03-27,72.6
112,인천,2025-03-28,37.5
112,인천,2025-03-29,45.8
112,인천,2025-03-30,50.6
112,인천,2025-03-31,64.3
112,인천,2025-04-01,65.8
112,인천,2025-04-02,68.9
112,인천,2025-04-03,68
112,인천,2025-04-04,68.3
112,인천,2025-04-05,90.9
112,인천,2025-04-06,82.5
112,인천,2025-04-07,62.1
112,인천,2025-04-08,74.9
112,인천,2025-04-09,64.4
112,인천,2025-04-10,72.1
112,인천,2025-04-11,66.9
112,인천,2025-04-12,68.1
112,인천,2025-04-13,73.6
112,인천,2025-04-14,88.1
112,인천,2025-04-15,77.4
112,인천,2025-04-16,63.6
112,인천,2025-04-17,74.5
112,인천,2025-04-18,82.9
112,인천,2025-04-19,96.9
112,인천,2025-04-20,78.6
112,인천,2025-04-21,74.5
112,인천,2025-04-22,92.1
112,인천,2025-04-23,71.3
112,인천,2025-04-24,64.8
112,인천,2025-04-25,45
112,인천,2025-04-26,63.5
112,인천,2025-04-27,56.3
112,인천,2025-04-28,60
112,인천,2025-04-29,47.5
112,인천,2025-04-30,35.9
112,인천,2025-05-01,76.6
112,인천,2025-05-02,62.9
112,인천,2025-05-03,84.6
112,인천,2025-05-04,67.5
112,인천,2025-05-05,64.4
112,인천,2025-05-06,62.4
112,인천,2025-05-07,70.4
112,인천,2025-05-08,61.5
112,인천,2025-05-09,83
112,인천,2025-05-10,98.5
112,인천,2025-05-11,86.4
112,인천,2025-05-12,67.9
112,인천,2025-05-13,47.9
112,인천,2025-05-14,56.4
112,인천,2025-05-15,89.8
112,인천,2025-05-16,95.6
112,인천,2025-05-17,92
112,인천,2025-05-18,66.9
112,인천,2025-05-19,77
112,인천,2025-05-20,94
112,인천,2025-05-21,85.5
112,인천,2025-05-22,76.4
112,인천,2025-05-23,58.1
112,인천,2025-05-24,65.1
112,인천,2025-05-25,68.6
112,인천,2025-05-26,69.1
112,인천,2025-05-27,74
112,인천,2025-05-28,74.3
112,인천,2025-05-29,64.3
112,인천,2025-05-30,66.6
112,인천,2025-05-31,64.4
112,인천,2025-06-01,71.9
112,인천,2025-06-02,70.9
112,인천,2025-06-03,70
112,인천,2025-06-04,64.8
112,인천,2025-06-05,57.9
112,인천,2025-06-06,45.8
112,인천,2025-06-07,73.6
112,인천,2025-06-08,82.3
112,인천,2025-06-09,83.1
112,인천,2025-06-10,86.6
112,인천,2025-06-11,70.5
112,인천,2025-06-12,65.1
112,인천,2025-06-13,74.4
112,인천,2025-06-14,73.9
112,인천,2025-06-15,83.4
112,인천,2025-06-16,96.8
112,인천,2025-06-17,87.3
112,인천,2025-06-18,77.4
112,인천,2025-06-19,71.5
112,인천,2025-06-20,99.1
112,인천,2025-06-21,98.5
112,인천,2025-06-22,90.3
112,인천,2025-06-23,82.1
112,인천,2025-06-24,71
112,인천,2025-06-25,90.5
112,인천,2025-06-26,89.8
112,인천,2025-06-27,83.8
112,인천,2025-06-28,93.1
112,인천,2025-06-29,88.8
112,인천,2025-06-30,86.1
112,인천,2025-07-01,90.9
112,인천,2025-07-02,91.4
112,인천,2025-07-03,90.1
112,인천,2025-07-04,88.5
112,인천,2025-07-05,85.5
112,인천,2025-07-06,86.9
112,인천,2025-07-07,88.4
112,인천,2025-07-08,79.1
112,인천,2025-07-09,69.5
112,인천,2025-07-10,48.5
112,인천,2025-07-11,46.8
112,인천,2025-07-12,49.1
112,인천,2025-07-13,78
112,인천,2025-07-14,86.6
112,인천,2025-07-15,91.6
112,인천,2025-07-16,96.5
112,인천,2025-07-17,98.9
112,인천,2025-07-18,97.6
112,인천,2025-07-19,98.5
112,인천,2025-07-20,89.3
112,인천,2025-07-21,88.8
112,인천,2025-07-22,88.8
112,인천,2025-07-23,81
112,인천,2025-07-24,79.9
112,인천,2025-07-25,77.1
112,인천,2025-07-26,74.9
112,인천,2025-07-27,70.5
112,인천,2025-07-28,75.6
112,인천,2025-07-29,71.8
112,인천,2025-07-30,77.1
112,인천,2025-07-31,70
112,인천,2025-08-01,80.8
112,인천,2025-08-02,78.1
112,인천,2025-08-03,78.6
112,인천,2025-08-04,83.4
112,인천,2025-08-05,81.3
112,인천,2025-08-06,93.3
112,인천,2025-08-07,80.8
112,인천,2025-08-08,80.1
112,인천,2025-08-09,78.9
112,인천,2025-08-10,75.4
112,인천,2025-08-11,83.6
112,인천,2025-08-12,68.9
112,인천,2025-08-13,95.9
112,인천,2025-08-14,98.5
112,인천,2025-08-15,95.9
112,인천,2025-08-16,90
112,인천,2025-08-17,88.6
112,인천,2025-08-18,89.3
112,인천,2025-08-19,88.5
112,인천,2025-08-20,85.9
112,인천,2025-08-21,82.1
112,인천,2025-08-22,84.6
112,인천,2025-08-23,85.1
112,인천,2025-08-24,79.5
112,인천,2025-08-25,87.3
112,인천,2025-08-26,86.6
112,인천,2025-08-27,77.3
112,인천,2025-08-28,78.9
112,인천,2025-08-29,89.5
112,인천,2025-08-30,86.4
112,인천,2025-08-31,82.9
112,인천,2025-09-01,88.8
112,인천,2025-09-02,80.4
112,인천,2025-09-03,72.6
112,인천,2025-09-04,85.5
112,인천,2025-09-05,74
112,인천,2025-09-06,92.4
112,인천,2025-09-07,82.1
112,인천,2025-09-08,76.8
112,인천,2025-09-09,75.1
112,인천,2025-09-10,65.3
112,인천,2025-09-11,55.5
112,인천,2025-09-12,69.4
112,인천,2025-09-13,86.1
112,인천,2025-09-14,78.9
112,인천,2025-09-15,81.3
112,인천,2025-09-16,92.5
112,인천,2025-09-17,95.4
112,인천,2025-09-18,77.5
112,인천,2025-09-19,82.5
112,인천,2025-09-20,89.8
112,인천,2025-09-21,68.8
112,인천,2025-09-22,60.3
112,인천,2025-09-23,54.8
112,인천,2025-09-24,85.6
112,인천,2025-09-25,87.1
112,인천,2025-09-26,82.5
112,인천,2025-09-27,77.5
112,인천,2025-09-28,88.6
112,인천,2025-09-29,77.1
112,인천,2025-09-30,80.8
112,인천,2025-10-01,83.5
112,인천,2025-10-02,78.5
112,인천,2025-10-03,76.9
112,인천,2025-10-04,77.9
112,인천,2025-10-05,91.8
112,인천,2025-10-06,95.1
112,인천,2025-10-07,98.3
112,인천,2025-10-08,77.1
112,인천,2025-10-09,71.8
112,인천,2025-10-10,95.6
112,인천,2025-10-11,97
112,인천,2025-10-12,91
112,인천,2025-10-13,95.3
112,인천,2025-10-14,82.9
112,인천,2025-10-15,77.6
112,인천,2025-10-16,78
112,인천,2025-10-17,77.6
112,인천,2025-10-18,89
112,인천,2025-10-19,76.1
112,인천,2025-10-20,60.4
112,인천,2025-10-21,57.8
112,인천,2025-10-22,68.8
112,인천,2025-10-23,73.4
112,인천,2025-10-24,73.5
112,인천,2025-10-25,65.1
112,인천,2025-10-26,68.9
112,인천,2025-10-27,44.1
112,인천,2025-10-28,47.1
112,인천,2025-10-29,63.5
112,인천,2025-10-30,67
112,인천,2025-10-31,78.1
112,인천,2025-11-01,68
112,인천,2025-11-02,54.8
112,인천,2025-11-03,55.4
112,인천,2025-11-04,65.4
112,인천,2025-11-05,66.1
112,인천,2025-11-06,72.9
112,인천,2025-11-07,69
112,인천,2025-11-08,68.6
112,인천,2025-11-09,69
112,인천,2025-11-10,37.5
112,인천,2025-11-11,58.8
112,인천,2025-11-12,70.1
112,인천,2025-11-13,66.1
112,인천,2025-11-14,54.3
112,인천,2025-11-15,55.6
112,인천,2025-11-16,63
112,인천,2025-11-17,44.3
112,인천,2025-11-18,50
112,인천,2025-11-19,54.6
112,인천,2025-11-20,63.4
112,인천,2025-11-21,57.8
112,인천,2025-11-22,63.1
112,인천,2025-11-23,77.6
112,인천,2025-11-24,79
112,인천,2025-11-25,80
112,인천,2025-11-26,68.3
112,인천,2025-11-27,78.3
112,인천,2025-11-28,53.9
112,인천,2025-11-29,63.9
112,인천,2025-11-30,88.5
112,인천,2025-12-01,56.6
112,인천,2025-12-02,50
112,인천,2025-12-03,45.5
112,인천,2025-12-04,52.9
112,인천,2025-12-05,52.3
112,인천,2025-12-06,71.8
112,인천,2025-12-07,75.4
112,인천,2025-12-08,47.8
112,인천,2025-12-09,59.1
112,인천,2025-12-10,79.3
112,인천,2025-12-11,70.6
112,인천,2025-12-12,56.5
112,인천,2025-12-13,84.4
112,인천,2025-12-14,71.1
112,인천,2025-12-15,70.1
112,인천,2025-12-16,88.3
112,인천,2025-12-17,74.4
112,인천,2025-12-18,62.1
112,인천,2025-12-19,65.8
112,인천,2025-12-20,78.1
112,인천,2025-12-21,45.3
112,인천,2025-12-22,47.6
112,인천,2025-12-23,73.6
112,인천,2025-12-24,83
112,인천,2025-12-25,54.4
112,인천,2025-12-26,42.5
112,인천,2025-12-27,65.6
112,인천,2025-12-28,85.3
112,인천,2025-12-29,76.1
112,인천,2025-12-30,42.9
112,인천,2025-12-31,42.6
